Q2211	Malmö	Q2211	1353-01-01	134
Q208559	Drottningholms slott	Q910007	1699-01-01	54
Q850042	Uppsala domkyrka	Q25286	1287-01-01	40
Q936884	Engelsbergs bruk	Q4348708	1681-01-01	39
Q714783	Gripsholms slott	Q194359	1537-01-01	37
Q824352	Ullevi	Q25287	1958-01-01	33
Q648226	Kalmar slott	Q26345	1200-01-01	30
Q172894	Anderstorp Raceway	Q491730	1968-05-01	30
Q3578460	Västerbottens museum	Q25579	1886-01-01	29
Q10709194	Umeå rådhus	Q25579	1890-01-01	28
Q1138447	Scandinavium	Q25287	1971-05-18	27
Q3374603	Umeå centralstation	Q25579	1896-01-01	26
Q1236689	Lunds domkyrka	Q2167	1200-01-01	26
Q175960	Malmö stadion	Q2211	1956-06-05	26
Q4491003	Umeå gamla fängelse	Q25579	1861-01-01	26
Q1431971	Luleå-Kallax flygplats	Q3352747	1944-01-01	25
Q165944	Gamla Ullevi	Q25287	2007-01-09	25
Q1433148	Umeå Airport	Q25579	1961-01-01	24
Q1433208	Visby flygplats	Q54757	1942-01-27	24
Q385254	Vittskövle kyrka	Q1968940	1200-01-01	24
Q638087	Olympia	Q25411	1898-01-01	24
Q10502451	Gamla bankhuset	Q25579	1877-01-01	23
Q10709747	Universumhuset	Q25579	1970-01-01	23
Q10716747	Von Ahnska magasinet	Q25579	1887-01-01	22
Q2137328	Ronneby Airport	Q1020929	1944-07-01	22
Q10674434	Sparken	Q25579	2009-01-01	22
Q10663150	Scharinska villan	Q25579	1905-01-01	22
Q1992004	Göteborgs konstmuseum	Q25287	1923-01-01	21
Q15982300	Kulturväven	Q25579	2014-01-01	21
Q1757808	Vadstena slott	Q265682	1545-01-01	21
Q667094	Millesgården	Q54349	1936-01-01	20
Q648054	Skara domkyrka	Q939389	1150-01-01	20
Q1236659	Linköpings domkyrka	Q25413	1143-01-01	20
Q1236665	Kalmar domkyrka	Q26345	1660-01-01	20
Q814577	Behrn Arena	Q25732	1923-01-01	20
Q944839	Dala Airport	Q10656563	1939-01-01	19
Q1779071	Nyköpingshus	Q54356	1200-01-01	19
Q664018	Visby domkyrka	Q54757	1225-01-01	19
Q664018	Visby domkyrka	Q54757	1225-07-27	19
Q1236720	Växjö domkyrka	Q26152	1300-01-01	19
Q2757682	Örebro slott	Q25732	1270-01-01	18
Q2757682	Örebro slott	Q25732	1400-01-01	18
Q1575435	Forsmarks kärnkraftverk	Q1281247	1980-12-10	18
Q1934091	Rosersbergs slott	Q3146766	1638-01-01	17
Q860739	Varnhems kloster	Q531376	1148-01-01	17
Q737220	Karlstads domkyrka	Q25457	1723-01-01	17
Q2627611	Vaxholms fästning	Q1001109	1544-01-01	17
Q396496	Tullgarns slott	Q2431323	1598-01-01	16
Q575797	Malmö centralstation	Q2211	1856-01-01	16
Q513949	Vadstena kloster	Q265682	1384-01-01	16
Q1408860	Bohus fästning	Q27455	1308-01-01	16
Q1408860	Bohus fästning	Q27455	1400-01-01	16
Q1475894	Uppsala slott	Q25286	1567-01-01	16
Q1432282	Pajala Airport	Q977248	1999-01-01	15
Q3503582	Kristianstad Airport	Q2481599	1940-01-01	15
Q1474383	Visby ringmur	Q54757	1300-01-01	15
Q1236697	Strängnäs domkyrka	Q106909	1291-01-01	15
Q1102186	Saab Arena	Q25413	2004-01-01	15
Q10419250	Aschanska villan	Q25579	1906-01-01	14
Q1933061	Hemavan-Tärnaby Airport	Q937583	1993-01-01	14
Q1236708	Västerås domkyrka	Q25412	1271-08-23	14
Q3502552	Härjedalen Sveg Airport	Q977073	1971-01-01	13
Q1531449	Glimmingehus	Q2428380	1505-01-01	13
Q2240877	Ekenäs slott	Q2095032	1511-01-01	13
Q2240877	Ekenäs slott	Q2095032	1560-01-01	13
Q3297039	Kristianstad Arena	Q26937	2010-10-15	13
Q1236679	Mariestads domkyrka	Q948117	1593-01-01	13
Q1326393	Rambergsvallen	Q25287	1935-08-18	13
Q1421187	Guldfågeln Arena	Q26345	2011-04-11	13
Q1408867	Karlstens fästning	Q406556	1658-01-01	13
Q839231	European Spallation Source	Q2167	2010-01-01	13
Q537736	Kungliga Vetenskaps-Societeten i Uppsala	Q25286	1710-01-01	12
Q633078	Malmö Konsthall	Q2211	1975-01-01	12
Q2034007	Bergshamra tunnelbanestation	Q15075055	1978-01-29	12
Q1024406	Långe Erik	Q905877	1845-01-01	12
Q1780359	NP3 Arena	Q26476	1903-08-06	12
Q1848079	Strandvallen	Q1641992	1953-01-01	12
Q847100	Varbergs fästning	Q21168	1287-01-01	12
Q1408858	Bodens fästning	Q586179	1908-01-01	12
Q121704	Västra skogens tunnelbanestation	Q6383632	1975-08-31	11
Q606334	Oscar Fredriks kyrka	Q25287	1893-04-02	11
Q2037673	Solna strands tunnelbanestation	Q6383632	1985-08-19	11
Q1478891	Sparbanken Skåne Arena	Q2167	2008-09-01	11
Q1606137	Alby tunnelbanestation	Q934689	1975-01-12	11
Q2000224	Norsborgs tunnelbanestation	Q175797	1975-01-12	11
Q860536	Vreta kloster	Q2736142	1100-01-01	11
Q1094340	Åre gamla kyrka	Q271138	1200-01-01	11
Q10424673	Baggböle herrgård	Q25579	1846-01-01	11
Q1583034	Visma Arena	Q26152	2012-09-01	11
Q1779457	Kärnan	Q25411	1314-01-01	10
Q1416870	Strömsholms slott	Q1969315	1681-01-01	10
Q1251859	Fittja tunnelbanestation	Q5455513	1972-10-01	10
Q1639390	Huvudsta tunnelbanestation	Q6383632	1985-08-19	10
Q3360372	Luleå centralstation	Q26268	1884-01-01	10
Q2302101	Templet i Stockholm	Q1544751	1985-07-02	10
Q473677	Roma kloster	Q282013	1163-01-01	10
Q657782	Gävle slott	Q25748	1597-01-01	10
Q657782	Gävle slott	Q25748	1754-01-01	10
Q126274	Nordstan	Q25287	1972-01-01	10
Q2853056	Emporia	Q2211	2012-01-01	10
Q739184	Landskrona IP	Q54352	1924-01-01	10
Q970493	Hägglunds Arena	Q28327	2006-08-26	10
Q1335155	Herrevads kloster	Q776830	1101-01-01	9
Q388667	Universeum	Q25287	2001-01-01	9
Q683097	Skissernas Museum	Q2167	1934-01-01	9
Q691574	Stockholm-Barkarby flygplats	Q2218918	1913-01-01	9
Q1844369	Hyllie station	Q2211	2010-12-12	9
Q3270957	Linköpings centralstation	Q25413	1872-01-01	9
Q3360360	Kiruna centralstation	Q83232	2013-01-01	9
Q206192	Landskrona slott	Q54352	1550-01-01	9
Q264372	Finspångs slott	Q1000129	1666-01-01	9
Q1464343	Sturefors slott	Q3036463	1704-01-01	9
Q1464343	Sturefors slott	Q3036463	1707-01-01	9
Q3364573	Halmstads slott	Q26521	1600-01-01	9
Q982837	Linköping Arena	Q25413	2013-05-05	9
Q7619895	Stora Valla	Q1019101	1938-01-01	9
Q1408923	Karlsborgs fästning	Q760222	1830-01-01	9
Q2944573	Porjus kraftverk	Q1018421	1915-01-01	9
Q1434982	Mantorp Park	Q2658254	1969-01-01	9
Q3115696	Nordiska akvarellmuseet	Q1026309	2000-01-01	8
Q613568	Svampen	Q25732	1958-05-01	8
Q3366184	Femörefortet	Q27846	1964-01-01	8
Q972612	Fredrikskyrkan	Q25789	1744-01-01	8
Q3084818	Heliga Trefaldighets kyrka	Q26937	1628-01-01	8
Q2599270	Östersunds centralstation	Q26515	1879-01-01	8
Q1570303	Skansen Kronan	Q25287	1700-01-01	8
Q1757862	Svaneholms slott	Q39059	1530-01-01	8
Q1629803	Vida Arena	Q26152	2011-09-17	8
Q1238576	Domnarvsvallen	Q54341	1925-01-01	8
Q450818	Olidans kraftverk	Q54339	1910-01-01	8
Q450818	Olidans kraftverk	Q54339	1910-03-01	8
Q2812652	Katedralskolan	Q2167	1085-01-01	7
Q934577	Kungshuset	Q2167	1584-01-01	7
Q4973558	Brokinds slott	Q3283943	1731-01-01	7
Q2817221	Statens porträttsamling	Q194359	1822-01-01	7
Q10477574	Dunkers kulturhus	Q25411	2002-01-01	7
Q3068223	Göteborgs konsthall	Q25287	1923-01-01	7
Q1499198	Gekås	Q686783	1963-01-01	7
Q4991965	Rejmyre kyrka	Q3375836	1838-01-01	7
Q3428863	Sankt Laurentii kyrka	Q54766	1400-01-01	7
Q1569673	Newmaninstitutet	Q25286	2001-01-01	7
Q3359812	Norrköpings centralstation	Q25724	1866-04-24	7
Q3359812	Norrköpings centralstation	Q25724	1866-07-02	7
Q10661406	Sankt Laurentii kyrka	Q984831	1497-01-01	7
Q6744357	Malmens flygplats	Q2383474	1912-01-01	7
Q3082277	Storliens järnvägsstation	Q2299668	1882-01-01	7
Q657966	Göteborgs konserthus	Q25287	1935-10-04	7
Q906846	Sävstaholms slott	Q777901	1666-01-01	7
Q909748	Sövdeborgs slott	Q2649257	1597-01-01	7
Q11854453	Bodens centralstation	Q586179	1886-01-01	7
Q11854453	Bodens centralstation	Q586179	1894-01-01	7
Q1716414	Norrköpings synagoga	Q25724	1858-01-01	7
Q621216	Kronprinsen	Q2211	1964-01-01	7
Q4205960	Göransson Arena	Q54756	2009-05-30	7
Q1170074	Studio Fredman	Q25287	1990-01-01	7
Q2509074	Valhalla IP	Q25287	1963-01-01	7
Q4205831	Gärdehov	Q26476	1966-01-01	7
Q4880996	Behrn Arena	Q25732	1965-01-01	7
Q907951	Falkenbergs Motorbana	Q2623388	1967-01-01	7
Q1797668	Anstalten Kumla	Q725826	1965-01-01	7
Q740415	Johannishus slott	Q1004071	1779-01-01	6
Q1734530	Mariefreds kloster	Q194359	1493-01-01	6
Q3303308	A3 Arena	Q25579	1963-01-01	6
Q745342	Sankta Maria kyrka	Q28287	1201-01-01	6
Q10544382	Jönköpings katolska kyrka	Q25415	1974-01-01	6
Q1742892	Jokkmokks nya kyrka	Q3335533	1889-01-01	6
Q1742892	Jokkmokks nya kyrka	Q3335533	1889-09-01	6
Q76290	Karlstad centralstation	Q25457	1869-01-01	6
Q3062731	Knutpunkten	Q25411	1865-07-31	6
Q3062731	Knutpunkten	Q25411	1991-06-10	6
Q3372075	Orsa kyrka	Q935348	1300-01-01	6
Q10712061	Vaksala kyrka	Q25286	1101-01-01	6
Q3360701	Station Åre	Q271138	1882-06-21	6
Q3360701	Station Åre	Q271138	2006-10-25	6
Q10701691	Trefaldighetskyrkan	Q26521	1981-01-01	6
Q3377376	Umeå östra station	Q25579	2010-08-28	6
Q3429145	Varbergs station	Q21168	1880-10-27	6
Q7944414	Västerås resecentrum	Q25412	1875-01-01	6
Q8079003	Örebro centralstation	Q25732	1856-01-01	6
Q8079003	Örebro centralstation	Q25732	1862-01-01	6
Q1363442	Kulturen	Q2167	1882-01-01	6
Q359217	Amiralitetskyrkan	Q25789	1685-01-01	6
Q340350	Visborg	Q54757	1500-01-01	6
Q366672	Löfstad slott	Q25724	1660-01-01	6
Q7928149	Vidsels flygbas	Q1013597	1957-01-01	6
Q10683844	Sundsvalls centralstation	Q26476	1925-12-17	6
Q2583199	ABB Arena	Q25412	2007-01-01	6
Q4430671	Sparbanken Lidköping Arena	Q29988	2009-12-25	6
Q10726608	Åre	Q271138	1909-01-01	6
Q493050	Engelsbergs oljefabrik	Q4348708	1875-01-01	6
Q4993224	Stäket	Q2167	1570-01-01	5
Q4994144	Liberiet	Q2167	1500-01-01	5
Q5511483	Fäviken Magasinet	Q1714951	2008-01-01	5
Q489175	Västergötlands museum	Q939389	1865-01-01	5
Q489175	Västergötlands museum	Q939389	1919-01-01	5
Q7838003	Trelleborgs gamla vattentorn	Q26943	1912-01-01	5
Q10529121	Hyllie vattentorn	Q2211	1973-01-01	5
Q3358333	Nosaby kyrka	Q26937	1875-01-01	5
Q10438232	Bymarkskyrkan	Q25415	1935-01-01	5
Q10549243	Kristine kyrka	Q25415	1673-01-01	5
Q10433929	Bottnaryds kyrka	Q3283871	1667-01-01	5
Q11854660	Brunflo station	Q992640	1879-01-01	5
Q11972254	Gnesta station	Q1025938	1907-01-01	5
Q10673001	Sofia Albertina kyrka	Q54352	1788-01-01	5
Q10727135	Öggestorps kyrka	Q2736021	1883-01-01	5
Q10577229	Mariakyrkan	Q1011844	1460-01-01	5
Q7696397	Telenor Arena Karlskrona	Q25789	2005-01-01	5
Q7591414	Sankt Peters Klosters kyrka	Q2167	1101-01-01	5
Q10532227	Högboda station	Q2772987	1871-01-01	5
Q10550266	Kungsbacka station	Q28374	1888-01-01	5
Q10509733	Gränna kyrka	Q194353	1895-01-01	5
Q10540707	Jokkmokks järnvägsstation	Q3335533	1927-11-21	5
Q10605530	Nödinge kyrka	Q1018460	1727-01-01	5
Q54324	Hallsbergs station	Q1001505	1862-01-01	5
Q54324	Hallsbergs station	Q1001505	1886-01-01	5
Q10725868	Ängelholm station	Q54755	1885-01-01	5
Q10577842	Martin Luthers kyrka	Q26521	1971-01-01	5
Q3375660	Hässleholms centralstation	Q847665	1863-01-01	5
Q3377707	Gävle centralstation	Q25748	1877-01-01	5
Q4992337	Ystads station	Q28287	1865-01-01	5
Q4992337	Ystads station	Q28287	1866-01-01	5
Q4993166	Kristianstads centralstation	Q26937	1865-01-01	5
Q59505	Jukkasjärvi kyrka	Q1284760	1608-01-01	5
Q17491243	Sankt Jacob av Nsibin syrisk-ortodoxa katedral	Q26518	2007-01-01	5
Q1565363	Skånelaholms slott	Q3146766	1643-01-01	5
Q138131	Gripenbergs slott	Q2665880	1660-01-01	5
Q138131	Gripenbergs slott	Q2665880	1666-01-01	5
Q694876	Skärva herrgård	Q25789	1786-01-01	5
Q694876	Skärva herrgård	Q25789	1796-01-01	5
Q6421603	Klågerups slott	Q2028407	1737-01-01	5
Q6438048	Roma kungsgård	Q282013	1721-01-01	5
Q4423396	Slättbergshallen	Q54339	2009-01-01	5
Q2852080	Sölvesborgs slott	Q898727	1802-01-01	5
Q296768	Ölands djur- och nöjespark	Q1478888	1974-01-01	5
Q1963832	Johansfors glasbruk	Q3353905	1891-01-01	5
Q640215	Tandådalen	Q1011739	1963-01-01	5
Q2911406	Borås Ishall	Q26040	1972-01-01	5
Q4573262	Slottsskogsvallen	Q25287	1923-01-01	5
Q10545812	Gamla stadshuset, Kiruna	Q83232	1963-01-01	4
Q10502450	Gamla apoteket	Q1001183	1779-01-01	4
Q3888233	Cassels donation	Q1323619	1899-01-01	4
Q7581760	Spyken	Q2167	1848-01-01	4
Q10715473	Villa Göth	Q25286	1950-01-01	4
Q10397484	Asecs	Q25415	1987-01-01	4
Q10549994	Kulturhuset Spira	Q25415	2011-01-01	4
Q10571977	Länssjukhuset Ryhov	Q25415	1988-09-05	4
Q18378765	Börsen	Q25287	1849-01-01	4
Q10667707	Sigtuna rådhus	Q3183470	1744-01-01	4
Q10496661	Flensburgska huset	Q2211	1596-01-01	4
Q3369210	Bror Hjorths Hus	Q25286	1978-01-01	4
Q10518444	Hasselblad center	Q25287	1989-01-01	4
Q4992729	Trollhättans vattentorn	Q54339	1909-01-01	4
Q5320356	Döderhultarmuseet	Q654268	1911-01-01	4
Q428408	Draken	Q25287	1956-01-01	4
Q18330950	Dals-Långeds kyrka	Q1839844	1972-01-01	4
Q4505318	Sankt Petri kyrka	Q28287	1267-01-01	4
Q5908103	Hosjö kyrka	Q26509	1663-01-01	4
Q10418491	Arrie kyrka	Q1898910	1890-01-01	4
Q10549242	Kristine kyrka	Q26509	1655-01-01	4
Q11853963	Bastuträsk station	Q810670	1892-01-01	4
Q11987228	Långsele station	Q1144285	1886-01-01	4
Q15506125	Kils station	Q1024656	1876-03-01	4
Q16459040	Nattavaara station	Q179286	1899-01-01	4
Q10602684	Norrahammars kyrka	Q2944368	1930-01-01	4
Q10661178	Sandhems kyrka	Q2054865	1841-01-01	4
Q10553887	Landsjökyrkan	Q675213	1984-01-01	4
Q10601807	Nols kyrka	Q1018460	1987-01-01	4
Q15580475	Bålsta station	Q661608	1996-01-01	4
Q10725797	Älvängens kyrka	Q255042	1970-01-01	4
Q1701458	Sankt Olai kyrka	Q25724	1767-01-01	4
Q10419869	Asmundtorps kyrka	Q2599513	1897-01-01	4
Q10436057	Bromölla station	Q927096	1874-08-08	4
Q10473012	Dingle station	Q1807347	1903-12-16	4
Q10539298	Jakobsbergs pendeltågsstation	Q1370248	1876-01-01	4
Q10542835	Kalmar centralstation	Q26345	1874-01-01	4
Q10577217	Maria station	Q25411	1999-01-01	4
Q10649089	Ramlösa station	Q25411	1875-01-01	4
Q10689129	Sölvesborgs station	Q898727	1891-01-01	4
Q11957628	Alvesta station	Q2604885	1864-06-01	4
Q4355128	Vadstena klosterkyrka	Q265682	1430-01-01	4
Q6917114	Motala kyrka	Q54357	1774-01-01	4
Q10601806	Noltorpskyrkan	Q54743	1991-01-01	4
Q10671035	Skärstads kyrka	Q2745780	1819-01-01	4
Q10542633	Kalix kyrka	Q83681	1472-01-01	4
Q10553944	Landskrona station	Q54352	2001-01-01	4
Q10684172	Surte kyrka	Q287691	1912-01-01	4
Q10728438	Östra Torps kyrka	Q2295657	1911-01-01	4
Q10604736	Nykyrka kyrka	Q1625556	1887-01-01	4
Q10661371	Sankt Johannes kyrka	Q1566951	1993-01-01	4
Q4992347	Eslövs station	Q79237	1858-01-01	4
Q4992347	Eslövs station	Q79237	1914-01-01	4
Q9362646	Tumba station	Q83715	1860-01-01	4
Q10551964	Kävlinge station	Q117493	1886-01-01	4
Q10555322	Laxå station	Q1076290	1866-01-01	4
Q10688273	Sävsjö station	Q985616	1864-01-01	4
Q10423525	Avesta Krylbo station	Q2943699	1873-01-01	4
Q10423525	Avesta Krylbo station	Q2943699	1902-01-01	4
Q10706139	Tullinge station	Q3622685	1969-06-01	4
Q11969224	Flemingsbergs station	Q4117115	1987-01-01	4
Q15580283	Bro pendeltågsstation	Q2430301	1876-01-01	4
Q28035290	Årstakyrkan	Q25286	1974-01-01	4
Q19369179	Jönköpings teater	Q25415	1904-01-01	4
Q9178033	Borås centralstation	Q26040	1894-01-01	4
Q9257892	Falun centralstation	Q26509	1859-01-01	4
Q10428539	Bergslagsbanans stationshus i Göteborg	Q25287	1881-10-01	4
Q10712681	Vansbro station	Q1641227	1899-01-01	4
Q15582030	Märsta station	Q54748	1866-01-01	4
Q10502609	Gammlia friluftsmuseum	Q25579	1919-01-01	4
Q1009445	Bungemuseet	Q1479259	1907-01-01	4
Q10520548	Helsingborgs konserthus	Q25411	1932-01-01	4
Q10542120	Jönköpings konserthus	Q25415	1990-01-01	4
Q277305	Sturehovs slott	Q175797	1780-01-01	4
Q616102	Åhus borg	Q127419	1200-01-01	4
Q6912473	Morjärv station	Q2195209	1902-01-01	4
Q10510895	Gunnesbo station	Q2167	1986-06-01	4
Q7800937	Tidö slott	Q25412	1645-01-01	4
Q10477004	Drottningskärs kastell	Q1799743	1680-01-01	4
Q10669723	Skansen Lejonet	Q25287	1689-01-01	4
Q10708420	Uddevalla centralstation	Q27447	1895-01-01	4
Q10727630	Örnsköldsviks centralstation	Q28327	2010-08-01	4
Q2071322	Nora Bergslags Veteran-Jernväg	Q83679	1856-01-01	4
Q10671904	Smalspårsjärnvägen Hultsfred–Västervik	Q54764	1879-01-01	4
Q10671904	Smalspårsjärnvägen Hultsfred–Västervik	Q1967192	1879-01-01	4
Q7536572	Skrapan	Q25412	1990-01-01	4
Q7854834	Tureholms slott	Q994927	1745-01-01	4
Q931441	Nobelhallen	Q54732	1971-01-01	4
Q10433406	Boråshallen	Q26040	1957-01-01	4
Q5964618	Högby fyr	Q2637758	1898-01-01	4
Q3644321	Orrefors glasbruk	Q1306067	1898-01-01	4
Q4993441	Kosta glasbruk	Q2194673	1742-01-01	4
Q5291301	Domnarvets Jernverk	Q54341	1872-01-01	4
Q10561712	Lilla Edets kraftverk	Q1016712	1926-01-01	4
Q3329756	Sundsvalls museum	Q26476	1956-01-01	4
Q10478975	Ebelingmuseet	Q1000633	1997-01-01	3
Q10624537	Perssonska gården	Q1001183	1849-01-01	3
Q10719082	Wahlmanska huset	Q1001183	1899-01-01	3
Q19564012	Järnhandelns hus	Q1001183	1906-01-01	3
Q19564041	Hedemora stadshotell	Q1001183	1860-01-01	3
Q10635826	Polacksbacken	Q25286	1912-01-01	3
Q3500731	Strykjärnet	Q25724	1917-01-01	3
Q10520556	Helsingborgs rådhus	Q25411	1897-01-01	3
Q10655516	Ringstorps vattentorn	Q25411	1904-01-01	3
Q10700181	Tornérhjelmska huset	Q25411	1804-01-01	3
Q1614039	Alsters herrgård	Q1923270	1772-01-01	3
Q10660132	Sahlgrenska huset	Q25287	1753-01-01	3
Q2525179	Villa Giacomina	Q29988	1800-01-01	3
Q10541528	Jussi Björlingmuseet	Q54341	1994-01-01	3
Q10728136	Östersunds rådhus	Q26515	1912-01-01	3
Q49101136	Kemnerska gården	Q28287	1520-01-01	3
Q9105594	Centralposthuset	Q2211	1906-01-01	3
Q7263842	Pythagoras industrimuseum	Q3588743	1916-01-01	3
Q10688099	Särdals kvarn	Q2322515	1890-01-01	3
Q10507692	Gotlands konstmuseum	Q54757	1988-01-01	3
Q10493751	Falkhallen	Q54766	2010-01-01	3
Q26253697	Vadstena rådhus	Q265682	1500-01-01	3
Q10433711	Botildenborgs vattentorn	Q2211	1949-01-01	3
Q7366391	Rooseum	Q2211	1988-01-01	3
Q4891419	Bergakungen	Q25287	2006-01-01	3
Q47483002	Scala	Q28287	1910-01-01	3
Q10615412	Palladium	Q25287	1919-01-01	3
Q1657145	Iggesunds Bruk	Q68971	1685-01-01	3
Q2118075	Torsebro krutbruk	Q732253	1683-01-01	3
Q4372897	Gruvöns bruk	Q1550418	1931-01-01	3
Q10670715	Skultuna Messingsbruk	Q3051144	1607-01-01	3
Q740047	Värnamo kyrka	Q54771	1875-01-01	3
Q10546436	Klosters kyrka	Q26498	1929-01-01	3
Q1742831	Algutsrums kyrka	Q2062405	1822-01-01	3
Q2566963	Limhamns kyrka	Q2211	1890-01-01	3
Q656810	Ulrika kyrka	Q3365375	1737-01-01	3
Q10550947	Kvarsebo kyrka	Q10550944	1808-01-01	3
Q10605394	Näsums kyrka	Q3354523	1871-01-01	3
Q10705658	Trånghalla kyrka	Q2374380	1969-01-01	3
Q11861113	Haparanda station	Q588976	1918-01-01	3
Q11883439	Murjeks järnvägsstation	Q994695	1888-01-01	3
Q12011536	Ånns station	Q271120	1879-01-01	3
Q12323579	Laholms station	Q503050	1996-01-01	3
Q99463064	Ronneby station	Q823785	1889-01-01	3
Q10554519	Larvs kyrka	Q3055179	1865-01-01	3
Q10670050	Skepplanda kyrka	Q2966000	1705-01-01	3
Q307325	Östra Broby kyrka	Q923113	1932-01-01	3
Q929983	Vrigstads kyrka	Q1016856	1866-01-01	3
Q1742949	Stockaryds kyrka	Q1016852	1907-01-01	3
Q10418083	Arlövs kyrka	Q676026	1900-01-01	3
Q10434051	Boxholms kyrka	Q895675	1897-01-01	3
Q10531824	Hässleholms kyrka	Q847665	1914-01-01	3
Q10532204	Höganäs kyrka	Q911875	1934-01-01	3
Q15599507	Jordbro station	Q1703720	1901-01-01	3
Q16459393	Trollhättans station	Q54339	1877-05-31	3
Q29392779	Trelleborg centralstation	Q26943	1898-01-01	3
Q539165	Heliga Kors kyrka	Q823785	1200-01-01	3
Q940124	Glemminge kyrka	Q2577970	1900-01-01	3
Q6711363	Lötenkyrkan	Q25286	1970-01-01	3
Q7403362	Salabackekyrkan	Q25286	1958-01-01	3
Q7482240	Främmestads kyrka	Q2541117	1785-01-01	3
Q10499816	Frövi station	Q2654133	1874-01-01	3
Q10502511	Gamlestaden station	Q25287	2012-12-08	3
Q10517103	Handens station	Q1574991	1973-04-01	3
Q10613021	Oskarshamns järnvägsstation	Q654268	1874-01-01	3
Q10613021	Oskarshamns järnvägsstation	Q654268	1906-12-05	3
Q10683858	Sundsvalls västra station	Q26476	1885-01-01	3
Q10725798	Älvängens station	Q255042	1886-01-01	3
Q11966216	Duveds station	Q305066	1891-01-01	3
Q995525	Bräkne-Hoby kyrka	Q995551	1872-01-01	3
Q9221366	Björnekulla kyrka	Q271299	1889-01-01	3
Q10416211	Appuna kyrka	Q538915	1887-01-01	3
Q10489123	Eslövs kyrka	Q79237	1891-01-01	3
Q1027197	Skagershults gamla kyrka	Q2789435	1651-01-01	3
Q10661431	Sankt Nicolai kyrka	Q26943	1883-01-01	3
Q10728111	Österslövs kyrka	Q2431080	1878-01-01	3
Q10542765	Kallhälls pendeltågsstation	Q4353510	1907-01-01	3
Q10548707	Krigslida station	Q10706336	1980-01-01	3
Q10569025	Lomma kyrka	Q995369	1873-01-01	3
Q10657100	Roslags Näsby station	Q7369025	1884-01-01	3
Q10661481	Sankt Petri kyrka	Q1018739	1966-01-01	3
Q10669877	Skattunge kyrka	Q266784	1839-01-01	3
Q10670212	Skinnskattebergs station	Q2060790	1900-01-01	3
Q10683736	Sundborns kyrka	Q771863	1755-01-01	3
Q10511119	Gustav Adolfs kyrka	Q25411	1897-01-01	3
Q10519262	Hedvigs kyrka	Q25724	1673-01-01	3
Q10682104	Strängnäs station	Q106909	1997-01-01	3
Q10426397	Barkarby pendeltågsstation	Q2218918	1878-01-01	3
Q12011522	Åmotfors station	Q3241305	1867-10-11	3
Q10578518	Matteus kyrka	Q25724	1892-01-01	3
Q17343159	Härnösands centralstation	Q3240427	1893-01-01	3
Q106612975	Skellefteå station	Q54344	1912-09-06	3
Q10672798	Snöstorps kyrka	Q26521	1882-01-01	3
Q17518661	Salemkyrkan i Habo	Q1566951	1991-05-31	3
Q10718567	Växjö Teater	Q26152	1849-01-01	3
Q10723792	Ystads Teater	Q28287	1894-01-01	3
Q62371444	Hybo station	Q2470881	1886-01-01	3
Q9257852	Falköpings centralstation	Q21165	1858-01-01	3
Q9257852	Falköpings centralstation	Q21165	1934-01-01	3
Q10405299	Alingsås station	Q54743	1857-12-16	3
Q10434048	Boxholms järnvägsstation	Q895675	1870-01-01	3
Q10310644	Örebro konserthus	Q25732	1932-01-01	3
Q10602831	Norrköpings västra	Q25724	1906-01-01	3
Q10728116	Östersund-Optand flygfält	Q3283288	1942-01-01	3
Q10728116	Östersund-Optand flygfält	Q26515	1942-01-01	3
Q10602765	Norre Port	Q26521	1603-01-01	3
Q11992879	Nässjö centralstation	Q654299	1864-12-01	3
Q10726222	Åfors glasbruk	Q3026734	1876-01-01	3
Q1514841	Hönsäter	Q1014033	1667-01-01	3
Q5625935	Gårda Business Center	Q25287	1989-01-01	3
Q6374797	Kastellegården	Q27455	1862-01-01	3
Q10527364	Huseby	Q2607965	1844-01-01	3
Q10715518	Villa Sturegården	Q54356	1913-01-01	3
Q6421163	Klitterbadet	Q54766	1983-01-01	3
Q10511214	Gutavallen	Q54757	1927-01-01	3
Q10542115	Jönköpings idrottshus	Q25415	1939-01-01	3
Q10650805	Recoverhallen	Q25286	2011-01-01	3
Q10667142	Shopping, Luleå	Q26268	1955-01-01	3
Q10680213	Stinsen Arena	Q654299	2012-01-01	3
Q10438713	Bönans gamla fyr	Q2628760	1840-01-01	3
Q10682106	Strängnäs väderkvarn	Q106909	1855-01-01	3
Q6319943	Jämtlands Bryggeri	Q2433216	1995-01-01	3
Q10656861	Rosdala glasbruk	Q3354561	1900-01-01	3
Q12328020	Målerås glasbruk	Q2421014	1890-01-01	3
Q1421805	Slutförvar för radioaktivt driftavfall	Q1281247	1988-01-01	3
Q3063336	Smidjegrav Arena	Q849874	1967-10-06	3
Q4864988	Barsebäck GCC	Q2560819	1969-01-01	3
Q18289986	Fårösunds fästning	Q1479259	1885-01-01	3
Q5431911	Falkenbergs rådhus	Q54766	1826-01-01	3
Q10550929	Kvarnsvedens kraftstation	Q54341	1900-01-01	3
Q10579080	Medborgarhuset, Eslöv	Q79237	1958-01-01	2
Q10659036	Rönnebo pensionat	Q994927	1895-01-01	2
Q10428632	Bergööska huset	Q1001505	1889-01-01	2
Q19574139	Hanssonska villan	Q1001183	1918-01-01	2
Q19574158	Gamla posthuset	Q1001183	1923-01-01	2
Q10498085	Forsbacka herrgård	Q1021169	1777-01-01	2
Q10568322	Ljungby kommunbibliotek	Q744491	1982-01-01	2
Q10688547	Söderhamns rådhus	Q746839	1860-01-01	2
Q10605373	Nässjö stadshus	Q654299	1915-01-01	2
Q10494156	Farsta, Gustavsberg	Q1011837	1620-01-01	2
Q10498755	Fredriksbergs herrgård	Q654268	1783-01-01	2
Q10699064	Tjörnedala	Q810260	1800-01-01	2
Q10715470	Villa Gransäter	Q1011837	1887-01-01	2
Q10715516	Villa Sommarlek	Q1011844	1936-01-01	2
Q10651074	Repslagarmuseet	Q255042	1920-01-01	2
Q10670952	Skänninge rådhus	Q990083	1770-01-01	2
Q10715479	Villa Italienborg	Q1599139	1910-01-01	2
Q10478535	Dyvelstens flottningsmuseum	Q1303800	1996-01-01	2
Q10478973	Ebbetorp	Q2490965	1800-01-01	2
Q10500978	Fållnäs	Q2539876	1807-01-01	2
Q10593434	Mårtagården	Q1290728	1780-01-01	2
Q10715219	Vikbron	Q1471281	1888-01-01	2
Q26256596	Carl Wilhelmsons villa	Q2572542	1913-01-01	2
Q10424184	Backstugan i Fladalt	Q2612450	1850-01-01	2
Q10719983	Wickmanska gården	Q2167	1788-01-01	2
Q5511302	Lund Nano Lab	Q2167	1735-01-01	2
Q10417135	Archaeologicum	Q2167	1853-01-01	2
Q10540380	Johan Henrik Thomanders studenthem	Q2167	1855-01-01	2
Q10545939	Kjederquistska gården	Q2167	1812-01-01	2
Q10475847	Domtrapptornet	Q25286	1280-01-01	2
Q10672949	Societetshuset, Varberg	Q21168	1886-01-01	2
Q10444900	Centralpalatset, Örebro	Q25732	1913-01-01	2
Q10502423	Gamla Riksbankshuset, Örebro	Q25732	1899-01-01	2
Q10527299	Husarernas kanslihus och ridhus, Örebro	Q25732	1862-01-01	2
Q10553884	Landshövdingestallet	Q25732	1771-01-01	2
Q10589144	Moritzska gården	Q25579	1891-01-01	2
Q10658648	Råda säteri	Q25462	1772-01-01	2
Q10430387	Bjertorp slott	Q2794995	1914-01-01	2
Q10428714	Bernska huset	Q26476	1894-01-01	2
Q10431473	Blombergska huset vid Sjögatan	Q26476	1889-01-01	2
Q10444898	Centralpalatset, Gävle	Q25748	1893-01-01	2
Q10465977	Dahlman-Nordlingska huset	Q26476	1890-01-01	2
Q10481349	Elfströmska huset	Q26476	1911-01-01	2
Q10501638	Försäkringsbolaget Sveas hus	Q26476	1892-01-01	2
Q10524447	Hirschska huset	Q26476	1891-01-01	2
Q10638061	Post- och Telegrafhuset, Örebro	Q25732	1914-01-01	2
Q10681149	Stora hotellet, Örebro	Q25732	1854-01-01	2
Q10683852	Sundsvalls stadshus	Q26476	1868-01-01	2
Q10713104	Varmbadhuset, Örebro	Q25732	1899-01-01	2
Q10713436	Vattenpalatset, Eskilstuna	Q26498	1933-01-01	2
Q30312943	Själanderska skolan	Q25748	1877-01-01	2
Q111219170	Mötesplats Vattentorget	Q26152	1887-01-01	2
Q111480195	Posthuset	Q26345	1947-01-01	2
Q10611869	Ornässtugan	Q1863989	1504-01-01	2
Q10508022	Grand Hotel, Helsingborg	Q25411	1926-01-01	2
Q10547748	Konsul Perssons villa	Q25411	1847-01-01	2
Q10553525	Lambohovs säteri	Q25413	1763-01-01	2
Q10715264	Vikingsberg	Q25411	1875-01-01	2
Q10726560	Ångfärjestationen	Q25411	1898-01-01	2
Q105276025	Musikens Hus	Q25287	1888-01-01	2
Q10549622	Krylbo tingshus	Q2943699	1903-01-01	2
Q10502494	Gamla vattentornet, Oxelösund	Q27846	1899-01-01	2
Q10561396	Lidköpings rådhus	Q29988	1676-01-01	2
Q10579258	Medlefors folkhögskola	Q54344	1949-01-01	2
Q10604760	Nyköpings lasarett	Q54356	1915-01-01	2
Q10661512	Sankta Annas sjukhus	Q54356	1799-01-01	2
Q10692447	Televerkets hus, Halmstad	Q26521	1925-01-01	2
Q10715457	Villa Finedal	Q54349	1887-01-01	2
Q20680560	Villa Prenker	Q41992	1955-01-01	2
Q30313942	Kungälvs rådhus	Q27455	1767-01-01	2
Q65196329	Kulturhuset, Skellefteå	Q54344	2021-01-01	2
Q10405294	Alingsås museum	Q54743	1731-01-01	2
Q10531628	Härbret i Yg	Q2693616	1315-01-01	2
Q10655123	Riksbankshuset	Q2211	1888-01-01	2
Q10698256	Tingshuset i Nyköping	Q54356	1911-01-01	2
Q30313858	Alingsås rådhus	Q54743	1769-01-01	2
Q10531750	Härnösands rådhus	Q3240427	1791-01-01	2
Q18245345	Residenset i Härnösand	Q3240427	1791-01-01	2
Q10429738	Bio Norden	Q3335533	1935-01-01	2
Q10658229	Rydöbruks missionshus	Q3353264	1900-01-01	2
Q10606822	Odensnäs	Q4348708	1893-01-01	2
Q110814600	Västerport	Q26345	1658-01-01	2
Q56301310	Kosta glashus	Q2194673	1956-01-01	2
Q10678427	Stenegård	Q2367619	1857-01-01	2
Q10532609	Hörle herrgård	Q10532608	1746-01-01	2
Q26253059	Villa Dalfrid	Q10670219	1906-01-01	2
Q10437900	Burmeisterska huset	Q54757	1654-01-01	2
Q10454981	Clematishuset	Q54757	1200-01-01	2
Q10502449	Gamla apoteket	Q54757	1200-01-01	2
Q10527376	Huset med målningarna	Q54757	1255-01-01	2
Q10540402	Johan Målares hus	Q54757	1200-01-01	2
Q10561664	Liljehornska huset	Q54757	1265-01-01	2
Q10673119	Solbergaskolan	Q54757	1893-11-11	2
Q10716050	Visby börs	Q54757	1200-01-01	2
Q10716057	Visby lasarett	Q54757	1903-02-23	2
Q18288554	Donnerska huset, Visby	Q54757	1100-01-01	2
Q10553964	Landsnora kvarn	Q14544612	1630-01-01	2
Q10718041	Västerviks rådhus	Q54764	1795-01-01	2
Q10402532	Aftonstjärnan	Q25287	1903-01-01	2
Q10418975	Arvika Konsthall	Q654308	1973-01-01	2
Q10553862	Landsarkivet i Härnösand	Q3240427	1935-01-01	2
Q10553866	Landsarkivet i Visby	Q54757	1773-01-01	2
Q10572832	Löjtnant Grahns gård	Q25579	1882-01-01	2
Q10660767	Saltsjöbadens friluftsbad	Q990771	1890-01-01	2
Q10660767	Saltsjöbadens friluftsbad	Q990771	1906-01-01	2
Q10660767	Saltsjöbadens friluftsbad	Q990771	1949-01-01	2
Q10671300	Skövde Kulturhus	Q21166	1964-01-01	2
Q10728163	Östervångsskolan	Q2167	1871-01-01	2
Q30315892	Varmbadhuset i Karlskrona	Q25789	1904-01-01	2
Q10726272	Åke Hans	Q2167	1798-01-01	2
Q10602652	Norra Vattentornet	Q25732	1915-01-01	2
Q10612975	Oscarsborg, Söderhamn	Q746839	1895-01-01	2
Q10689073	Södra vattentornet	Q25732	1886-01-01	2
Q10713387	Vattenborgen	Q25789	1863-01-01	2
Q18335027	Växjö vattentorn	Q26152	1957-01-01	2
Q23894083	Gustavsbergs vattentorn	Q1011837	1964-01-01	2
Q31871494	Lundens vattentorn	Q25287	1930-01-01	2
Q10430094	Biskopsgården	Q25457	1778-01-01	2
Q10549983	Kulturhuset, Borås	Q26040	1975-01-01	2
Q10550569	Kurrholmens kastell	Q25789	1863-01-01	2
Q10429760	Biografmuseet	Q992613	1989-01-01	2
Q60970534	Kaskad	Q94385	1957-01-01	2
Q10416127	Apoteket Svanen	Q2167	1647-01-01	2
Q10416127	Apoteket Svanen	Q2167	1862-01-01	2
Q10706152	Tullmagasinet	Q25579	1901-01-01	2
Q10657470	Roy	Q25287	1940-01-01	2
Q10466069	Dalarnas museum	Q26509	1962-01-01	2
Q10542873	Kalmar teater	Q26345	1863-01-01	2
Q10658840	Röda Kvarn	Q26521	1925-01-01	2
Q10658843	Röda Kvarn	Q25732	1917-01-01	2
Q10716211	Visualiseringscenter C	Q25724	2010-05-27	2
Q10429815	Biopalatset	Q25287	1995-01-01	2
Q10441996	Capitol	Q25287	1941-01-01	2
Q10496275	Flamman	Q25287	1935-01-01	2
Q10512721	Göta	Q25287	1936-01-01	2
Q10543938	Karlstads teater	Q25457	1893-01-01	2
Q10545539	Alhambra	Q25287	1902-07-27	2
Q10577367	Mariestads teater	Q948117	1842-01-01	2
Q10498062	Fors ullspinneri	Q54356	1873-01-01	2
Q10512903	Göteborgs remfabrik	Q25287	1900-01-01	2
Q10519110	Hedemora Verkstäder	Q1001183	1903-01-01	2
Q10658204	Rydals museum	Q2189662	1853-01-01	2
Q10709201	Umeå stadshus	Q25579	1900-01-01	2
Q66424649	Borgerskapets kasern	Q25287	1799-10-01	2
Q10671640	Slottskapellet	Q25415	1694-01-01	2
Q10681038	Stora Kopparbergs kyrka	Q26509	1500-01-01	2
Q10699463	Tomaskyrkan	Q26498	1993-01-01	2
Q10699465	Tomaskyrkan	Q25413	1993-01-01	2
Q10715124	Vidingsjö kyrka	Q25413	1978-01-01	2
Q10718701	Vånga kyrka	Q33109402	1962-01-01	2
Q10428342	Berga kyrka	Q25413	1978-01-01	2
Q10432872	Bondstorps kyrka	Q2666648	1695-01-01	2
Q10437759	Bunkeflo strandkyrka	Q2673374	1990-01-01	2
Q10438168	Bygdsiljums kyrka	Q1857949	1921-01-01	2
Q10497199	Flädie kyrka	Q1934597	1888-01-01	2
Q10509226	Grycksbo kyrka	Q1876467	1908-01-01	2
Q10518223	Harplinge kyrka	Q1896398	1893-01-01	2
Q10553526	Lambohovskyrkan	Q25413	1987-01-01	2
Q10572852	Lönneberga kyrka	Q1879736	1872-01-01	2
Q10577783	Marsvinsholms kyrka	Q28287	1867-01-01	2
Q10661319	Sankt Andreas kyrka	Q26498	1988-01-01	2
Q10661358	Sankt Hans kyrka	Q25413	1973-01-01	2
Q10661373	Sankt Johannes kyrka	Q54352	1961-01-01	2
Q10661459	Sankt Pauli kyrka	Q26498	1978-01-01	2
Q10661478	Sankt Petri kyrka	Q26498	1974-01-01	2
Q10661505	Sankt Örjans kapell	Q26509	1963-01-01	2
Q10661532	Sankta Maria i Johannelund	Q25413	1963-01-01	2
Q10661546	Sanna kyrka	Q25415	1929-01-01	2
Q10405625	Allhelgonakyrkan	Q2736142	1962-01-01	2
Q10411542	Aneby kyrka	Q1940596	1997-01-01	2
Q10426048	Bankekinds kyrka	Q3283658	1759-01-01	2
Q10429618	Billeberga kyrka	Q1950376	1862-01-01	2
Q10430788	Björsäters kyrka	Q3283799	1801-01-01	2
Q10435004	Bredaryds kyrka	Q3283889	1864-01-01	2
Q10485083	Envikens kyrka	Q2098596	1957-01-01	2
Q10498764	Fredriksdals kyrka	Q3291144	1957-01-01	2
Q10505093	Gistads kyrka	Q2021488	1864-01-01	2
Q10505326	Glava kyrka	Q2089495	1738-01-01	2
Q10506659	Godegårds kyrka	Q1975596	1251-01-01	2
Q10512551	Gårdveda kapell	Q1957597	1960-01-01	2
Q10524907	Hjärnarps kyrka	Q1943169	1844-01-01	2
Q10526391	Horns kyrka	Q3239921	1754-01-01	2
Q10532467	Höja kyrka	Q3052509	1882-01-01	2
Q10419895	Aspeboda kyrka	Q2267958	1963-01-01	2
Q10437757	Bunkeflo kyrka	Q2249049	1898-01-01	2
Q10484432	Enslövs kyrka	Q2223918	1835-01-01	2
Q10498117	Forsheda kyrka	Q2199905	1866-01-01	2
Q10508519	Grebo kyrka	Q3353624	1773-01-01	2
Q10527921	Hycklinge kyrka	Q10527920	1792-01-01	2
Q10531403	Hällestads kyrka	Q3353277	1895-01-01	2
Q10559560	Lerbergets kyrka	Q10559559	1982-01-01	2
Q10576071	Malmbäcks kyrka	Q2292693	1828-01-01	2
Q10589145	Morjärvs kyrka	Q2195209	1929-01-01	2
Q10590263	Munka-Ljungby kyrka	Q2126314	1200-01-01	2
Q10602203	Nordmarks kyrka	Q2268799	1731-01-01	2
Q10665450	Selångers kyrka	Q2118695	1781-01-01	2
Q10668113	Simonstorps kyrka	Q3354506	1650-01-01	2
Q10669433	Sjögestads kyrka	Q3353584	1862-01-01	2
Q10671108	Skånes-Fagerhults kyrka	Q2340461	1900-01-01	2
Q10686689	Sya kyrka	Q3340730	1774-01-01	2
Q10688348	Sågmyra kyrka	Q2159690	1970-01-01	2
Q10707716	Tyringe kyrka	Q2301322	1925-01-01	2
Q10713935	Vena kyrka	Q2352894	1799-01-01	2
Q10717126	Väderstads kyrka	Q2145883	1840-01-01	2
Q10717978	Västerlösa kyrka	Q2158219	1796-01-01	2
Q10718269	Västra Husby kyrka	Q3309808	1820-01-01	2
Q10718293	Västra Klagstorps kyrka	Q3354228	1885-01-01	2
Q10727710	Örtofta kyrka	Q2182183	1862-01-01	2
Q10728317	Östra Husby kyrka	Q2158116	1809-01-01	2
Q12344258	Älmhults station	Q122872	1879-01-01	2
Q16459384	Mjölby station	Q538915	1873-05-11	2
Q16459401	Vingåkers station	Q777901	1862-01-01	2
Q10549368	Krokeks kyrka	Q2072404	1896-01-01	2
Q10551754	Kärda kyrka	Q2075959	1876-01-01	2
Q10587457	Mogata kyrka	Q2076189	1844-01-01	2
Q10590369	Muodoslompolo kyrka	Q1967657	1865-01-01	2
Q10593313	Målilla-Gårdveda kyrka	Q1957597	1822-01-01	2
Q10649763	Rappestads kyrka	Q2723125	1807-01-01	2
Q10658174	Rya kyrka	Q1924445	1875-01-01	2
Q10658214	Rydebäcks kyrka	Q3272598	1995-01-01	2
Q10661320	Sankt Andreas kyrka	Q3056196	1956-01-01	2
Q10661535	Sankta Maria kyrka	Q1979924	1841-01-01	2
Q10669911	Skede kyrka	Q2687554	1834-01-01	2
Q10683922	Sunne kyrka	Q1886476	1888-01-01	2
Q10684365	Svanskogs kyrka	Q2064631	1733-01-01	2
Q10698217	Timsfors kapell	Q2683887	1982-01-01	2
Q10705683	Trönninge kyrka	Q1896269	1894-01-01	2
Q10708189	Töre kyrka	Q3235942	1936-01-01	2
Q10715265	Vikingstads kyrka	Q3055238	1785-01-01	2
Q10716199	Vists kyrka	Q3036463	1965-01-01	2
Q10718336	Västra Ryds kyrka	Q1891437	1882-01-01	2
Q10726908	Åsenhöga kyrka	Q3254122	1861-01-01	2
Q10728355	Östra Ljungby kyrka	Q1901778	1858-01-01	2
Q10728694	Överums kyrka	Q3131205	1872-01-01	2
Q10428353	Bergakyrkan	Q879479	1974-01-01	2
Q10489070	Eskilstorps kyrka	Q1013305	1873-01-01	2
Q10511185	Gustavsbergs kyrka	Q1011837	1906-01-01	2
Q10531384	Hälleforsnäs kyrka	Q746023	1966-01-01	2
Q10541415	Jungs kyrka	Q685930	1834-01-01	2
Q10548139	Korpilombolo kyrka	Q667632	1859-01-01	2
Q10553611	Lammhults kyrka	Q1025495	1964-01-01	2
Q10568342	Ljungdala kyrka	Q847665	1980-01-01	2
Q10585154	Mikaelikyrkan	Q654308	1647-01-01	2
Q10604368	Nybro kyrka	Q930238	1934-01-01	2
Q10605374	Nässjö stadskyrka	Q654299	1909-01-01	2
Q10610181	Onslunda kyrka	Q946707	1862-01-01	2
Q10613024	Oskarshamns stadskyrka	Q654268	1876-01-01	2
Q10615168	Pajala kyrka	Q977248	1797-01-01	2
Q10658994	Röke kyrka	Q962019	1906-01-01	2
Q10661516	Sankta Birgittakyrkan	Q1120927	1992-01-01	2
Q10666477	Seskarö kyrka	Q977858	1929-01-01	2
Q10680998	Stora Hammars kyrka	Q1025480	1902-01-01	2
Q10684628	Svedala kyrka	Q369863	1852-01-01	2
Q10699620	Tomelilla kyrka	Q983681	1908-01-01	2
Q10700075	Torekovs kyrka	Q1013563	1863-01-01	2
Q10701690	Trefaldighetskyrkan	Q654308	1911-01-01	2
Q10438395	Bäckebo kyrka	Q2394168	1847-01-01	2
Q10500698	Fällfors flygbas	Q3908877	1956-01-01	2
Q10516919	Hammenhögs kyrka	Q2428380	1849-01-01	2
Q11979621	Järpens station	Q1714951	1878-01-01	2
Q11982203	Krokoms station	Q1650203	1882-01-01	2
Q12321415	Karlskrona centralstation	Q25789	1874-01-01	2
Q29555669	Töreboda station	Q1485924	1859-01-01	2
Q30333600	Hultsfreds järnvägsstation	Q1636399	1902-01-01	2
Q30335022	Hudiksvalls station	Q642964	1888-01-01	2
Q65195188	Neglinge station	Q990771	1894-01-01	2
Q66092301	Mariefreds station	Q194359	1895-09-30	2
Q10715206	Vika kyrka	Q945857	1469-01-01	2
Q10715636	Vimmerby kyrka	Q634231	1855-01-01	2
Q10716008	Virserums kyrka	Q254017	1881-01-01	2
Q10716407	Vittangi kyrka	Q960861	1854-01-01	2
Q10718280	Västra Karaby kyrka	Q426327	1826-01-01	2
Q10725616	Älghults kyrka	Q254761	1816-09-14	2
Q10728432	Östra Tommarps kyrka	Q307351	1857-01-01	2
Q18333129	Svalövs kyrka	Q202408	1878-01-01	2
Q28379908	Ankarsrums kyrka	Q556590	1918-01-01	2
Q111365634	Kikebokyrkan	Q654268	1968-02-01	2
Q18332454	Sankta Anna katolska kyrka, Nyköping	Q54356	1988-01-01	2
Q18332455	Sankta Anna kyrka	Q25411	2001-01-01	2
Q18334655	Vilans kyrka	Q26937	1963-01-01	2
Q18450975	Österängs kyrka	Q26937	1975-01-01	2
Q10401444	Adolfsbergskyrkan	Q25411	1878-01-01	2
Q10405431	Alla Helgons kyrka	Q26518	1962-01-01	2
Q10405624	Allhelgonakyrkan	Q25411	1928-01-01	2
Q10426217	Baptistkyrkan	Q25286	1861-01-01	2
Q10468659	Den gode herdens kyrka	Q25411	1984-01-01	2
Q10482276	Emmaboda kyrka	Q1338169	1926-01-01	2
Q10548507	Kramfors järnvägsstation	Q645351	1893-01-01	2
Q10562605	Lindome station	Q1796281	1992-01-01	2
Q10691742	Teckomatorps station	Q1016384	1886-01-01	2
Q10706298	Tunagårds station	Q54728	1919-01-01	2
Q10708429	Uddevalla Östra	Q27447	1990-01-01	2
Q10708868	Ulricehamns station	Q27999	1906-01-01	2
Q10426826	Baskemölla kapell	Q810260	1927-01-01	2
Q10430580	Björkhällakyrkan	Q834832	1988-01-01	2
Q10505069	Gislaveds kyrka	Q1021557	1906-01-01	2
Q10510873	Gunnarskogs kyrka	Q1020133	1727-01-01	2
Q10412956	Ansgarskyrkan	Q26498	1962-01-01	2
Q10429638	Billinge kyrka	Q2777507	1865-01-01	2
Q10431946	Bodafors kyrka	Q1821030	1972-01-01	2
Q10433554	Bosvedjans kyrka	Q26476	1970-01-01	2
Q10438146	Bydalens gravkapell	Q26476	1929-01-01	2
Q10438616	Bårslövs kyrka	Q1756003	1858-01-01	2
Q10448559	Charlottenborgskyrkan	Q54357	1988-01-01	2
Q10508126	Granlo kyrka	Q26476	1982-01-01	2
Q10508128	Granloholms kyrka	Q26476	1993-01-01	2
Q10511120	Gustav Adolfs kyrka	Q26476	1894-01-01	2
Q10520027	Heliga Korsets kyrka	Q26345	1963-01-01	2
Q10531787	Hässelby Villastads kyrka	Q1781561	1939-01-01	2
Q10531787	Hässelby Villastads kyrka	Q1781561	1939-10-01	2
Q10545920	Kiviks kapell	Q1743988	1941-01-01	2
Q10546397	Klockrike kyrka	Q1825937	1826-01-01	2
Q10551229	Kvänums kyrka	Q2658219	1867-01-01	2
Q10561894	Lillkyrkan	Q54357	1957-01-01	2
Q10593942	Nacksta kyrka	Q26476	1969-01-01	2
Q10604981	Nysätra kyrka	Q2767049	1707-01-01	2
Q10605311	Näsby kyrka	Q26937	1937-01-01	2
Q10637949	Porsökyrkan	Q26268	1976-01-01	2
Q10658757	Råssnäskyrkan	Q54357	1976-01-01	2
Q10661372	Sankt Johannes kyrka	Q26345	1980-01-01	2
Q10661515	Sankta Birgitta kyrka	Q26345	1975-01-01	2
Q10661529	Sankta Katarina kyrka	Q2742521	1997-01-01	2
Q10671279	Skönsmons kyrka	Q26476	1889-01-01	2
Q10706821	Två Systrars kapell	Q26345	1984-01-01	2
Q10706990	Tygelsjö kyrka	Q2744244	1905-01-01	2
Q10708865	Ulricehamns kyrka	Q27999	1500-01-01	2
Q10712406	Vallås kyrka	Q26521	1975-01-01	2
Q10544410	Katrineholms kyrka	Q54758	1903-01-01	2
Q10554699	Laske-Vedums kyrka	Q2421492	1776-01-01	2
Q10577241	Mariakyrkan	Q54771	1977-01-01	2
Q10604721	Nykils kyrka	Q2470206	1786-01-01	2
Q10661480	Sankt Petri kyrka	Q54764	1905-01-01	2
Q10661522	Sankta Gertruds kyrka	Q54764	1469-01-01	2
Q10671437	Slaka kyrka	Q2423507	1783-01-01	2
Q10673278	Sollentunamässan	Q3656344	1973-01-01	2
Q10699060	Tjörnarps kyrka	Q2454640	1864-01-01	2
Q10728291	Östra Grevie kyrka	Q2456824	1897-01-01	2
Q10728340	Östra Klagstorps kyrka	Q2392188	1868-01-01	2
Q17524825	Dunkehalla kapell	Q25415	1898-01-01	2
Q20168558	Östra kapellet	Q25415	1937-01-01	2
Q10548172	Korsbackakyrkan	Q117493	1897-01-01	2
Q10552016	Kållereds station	Q2682922	1992-01-01	2
Q10586848	Mjölby kyrka	Q538915	1779-01-01	2
Q10613030	Oskarströms kyrka	Q1019572	1918-01-01	2
Q10688903	Södra Hestra kyrka	Q784539	1830-01-01	2
Q10689070	Örebro södra station	Q25732	1897-09-29	2
Q10701391	Tranås kyrka	Q988403	1930-01-01	2
Q10705194	Trosa stads kyrka	Q994927	1710-01-01	2
Q10712389	Vallsjö nya kyrka	Q985616	1891-01-01	2
Q10718867	Vårfrukyrkan	Q990083	1324-01-01	2
Q10726118	Ättetorpskyrkan	Q270811	1962-01-01	2
Q10727010	Åtvids gamla kyrka	Q271335	1300-01-01	2
Q18290100	Genarps kyrka	Q277849	1593-01-01	2
Q10487725	Eriksbergskyrkan	Q25286	1960-01-01	2
Q10496831	Flisby kyrka	Q2620449	1853-01-01	2
Q10506565	Gnosjö kyrka	Q1533298	1887-01-01	2
Q10526999	Hultsfreds kyrka	Q1636399	1936-01-01	2
Q10532084	Hångers kyrka	Q2547152	1881-01-01	2
Q10548181	Korsberga kyrka	Q2563676	1855-01-01	2
Q10551085	Kvidinge kyrka	Q2509589	1886-01-01	2
Q10551823	Kärlekens kyrka	Q26521	1958-01-01	2
Q16162771	Birgittakyrkan	Q2257230	1620-01-01	2
Q18331460	Norrtälje kyrka	Q3588743	1726-01-01	2
Q10571212	Lyckebokyrkan	Q1616235	1982-01-01	2
Q10577192	Maria Magdalena kyrka	Q2167	1992-01-01	2
Q10593503	Mölle kapell	Q1599139	1935-01-01	2
Q10602530	Norra Nöbbelövs kyrka	Q2167	1901-01-01	2
Q10625148	Petersgårdens kyrka	Q2167	1965-01-01	2
Q10661359	Sankt Hans kyrka	Q2167	1971-01-01	2
Q10667218	Sibbhults kyrka	Q2616737	1942-01-01	2
Q10670032	Skepparslövs kyrka	Q2529429	1843-01-01	2
Q10670165	Skillingaryds kyrka	Q1565387	1941-01-01	2
Q10671964	Smedstorps kyrka	Q2532176	1867-01-01	2
Q10701431	Traryds kyrka	Q2584179	1862-01-01	2
Q10412409	Annebergs station	Q743720	1888-01-01	2
Q10419899	Aspedalen	Q988275	1948-01-01	2
Q10496892	Floda station	Q264780	1857-01-01	2
Q10496892	Floda station	Q264780	1903-01-01	2
Q10559631	Lerums station	Q988275	1858-08-01	2
Q10559631	Lerums station	Q988275	1892-01-01	2
Q10572801	Lödöse södra	Q1109681	2012-01-01	2
Q10728693	Överums bruk station	Q3131205	1991-01-01	2
Q12008410	Undersåker station	Q2096354	1878-01-01	2
Q15477850	Enebybergs station	Q5376722	1909-01-01	2
Q15485135	Viggbyholms station	Q7928879	1903-01-01	2
Q15527420	Edane station	Q2376437	1871-06-19	2
Q10562399	Lina kyrka	Q26518	1995-01-01	2
Q10577232	Mariakyrkan	Q26521	1986-01-01	2
Q10577527	Markaryds kyrka	Q1639483	1857-01-01	2
Q15584170	Rönninge station	Q5391401	1888-01-01	2
Q18290221	Grekisk-ortodoxa kyrkan, Uppsala	Q25286	1883-01-01	2
Q18335237	Åtvids nya kyrka	Q271335	1885-01-01	2
Q99462145	Karlshamns centralstation	Q54769	1957-01-01	2
Q10603292	Nossebro kyrka	Q1639452	1927-01-01	2
Q10608170	Olaus Petri kyrka	Q26521	1936-01-01	2
Q10661374	Sankt Johannes kyrka	Q25724	1906-01-01	2
Q10661419	Sankt Mikaels kyrka	Q26518	1973-01-01	2
Q10661444	Sankt Olofs kyrka	Q25411	1956-01-01	2
Q10661467	Sankt Pers kyrka	Q25286	1987-01-01	2
Q10661537	Sankta Maria kyrka	Q25286	1993-01-01	2
Q10683947	Sunnersta kyrka	Q25286	1968-01-01	2
Q10688576	Söderledskyrkan	Q25724	1970-01-01	2
Q10712409	Vallösa kyrka	Q30334282	1882-01-01	2
Q10715707	Vindhemskyrkan S:ta Birgitta	Q25286	1903-01-01	2
Q10718022	Västerstrandskyrkan	Q25457	1978-01-01	2
Q10727589	Örkeneds kyrka	Q1016865	1790-01-01	2
Q16157533	Almtunakyrkan	Q25286	1959-01-01	2
Q18239211	Gottsunda kyrka	Q25286	1980-01-01	2
Q18332439	Sankt Knuts kyrka	Q2167	1973-01-01	2
Q10727457	Örebro Teater	Q25732	1852-01-01	2
Q18332964	Stora teatern, Norrköping	Q25724	1908-01-01	2
Q18450890	Örnsköldsviks station	Q28327	1892-01-01	2
Q10689083	Södra Åby kyrka	Q10689080	1870-01-01	2
Q10701389	Tranås kyrka	Q10671079	1880-01-01	2
Q10512447	Gävle Teater	Q25748	1878-01-01	2
Q10524312	Hippodromen	Q2211	1899-01-01	2
Q10563202	Lisebergsteatern	Q25287	1944-01-01	2
Q10683854	Sundsvalls teater	Q26476	1894-01-01	2
Q10718133	Västgötabanans stationshus	Q25287	1931-01-01	2
Q10429935	Birgittakyrkan	Q26476	1972-01-01	2
Q10549493	Kronokvarnen i Lyckeby	Q25789	1721-01-01	2
Q10549493	Kronokvarnen i Lyckeby	Q1473587	1721-01-01	2
Q25383754	Malmslätts stationshus	Q2383474	1902-01-01	2
Q10512456	Gävle södra station	Q25748	1874-01-01	2
Q10512456	Gävle södra station	Q25748	1926-01-01	2
Q10688541	Söderhamns centralstation	Q746839	1886-01-01	2
Q10688541	Söderhamns centralstation	Q746839	1886-05-17	2
Q18333666	Söderhamns gamla järnvägsstation	Q746839	1861-01-01	2
Q10688529	Söderhamn-Mohed flygfält	Q175159	1935-01-01	2
Q10673258	Sollentuna Enskilda Järnväg	Q10714964	1967-01-01	2
Q5626670	Görvälns slott	Q1370248	1679-01-01	2
Q10430698	Björneberg	Q25415	1766-01-01	2
Q10432965	Boo gård	Q54752	1724-01-01	2
Q10433175	Borgholms kungsgård	Q893554	1677-01-01	2
Q10498176	Forstena	Q54759	1741-01-01	2
Q10589603	Mostorp	Q282755	1880-01-01	2
Q10670210	Skinnskattebergs herrgård	Q2060790	1790-01-01	2
Q10687881	Säby gård	Q1370248	1656-01-01	2
Q10714763	Vi	Q122378	1885-01-01	2
Q18332288	Rosenlunds herrgård	Q25415	1788-01-01	2
Q18333738	Södra Björstorps gård	Q995809	1775-01-01	2
Q28379800	Tegsgården	Q25579	1825-01-01	2
Q5472692	Fortnox Arena	Q26152	2012-09-01	2
Q28374792	Ystads inre fyr	Q28287	1866-01-01	2
Q28375724	Karlskrona nedre	Q25789	1918-01-01	2
Q10518666	Havstenssund nedre	Q2287195	1890-01-01	2
Q28934056	Jävre fyr	Q2121226	1871-01-01	2
Q10549437	Kronetorps mölla	Q676026	1841-01-01	2
Q10671648	Slottsmöllan	Q2211	1851-01-01	2
Q10728556	Överby kvarn	Q14544612	1850-01-01	2
Q12335602	Skegrie mölla	Q2780759	1895-01-01	2
Q28375995	Vanäs fyr	Q760222	1892-01-01	2
Q10428296	Beredskapsmuseet	Q2193830	1997-06-30	2
Q10562785	Linköpings Sporthall	Q25413	1956-01-01	2
Q10673280	Sollentunavallen	Q3656344	1969-01-01	2
Q71251007	Östervångsstadion	Q26943	2001-01-01	2
Q10572820	Lögdö bruk	Q1950831	1800-01-01	2
Q10466082	Dalarö tullhus	Q748257	1788-01-01	2
Q108824575	Hotell Royal	Q429467	1847-01-01	1
Q108837332	Lutherska missionshuset	Q429467	1862-01-01	1
Q108837859	Henrikssons järnindustri	Q429467	1901-01-01	1
Q108837859	Henrikssons järnindustri	Q429467	1924-01-01	1
Q108867646	Ordenshuset Guldkrokens Ros	Q429467	1891-01-01	1
Q19830751	Fischerska gården	Q648536	1844-01-01	1
Q30313193	Västbo härads tingshus	Q784287	1903-01-01	1
Q10658787	Råås kvarn	Q988403	1742-01-01	1
Q108681848	Villa Victoria	Q429467	1882-01-01	1
Q108682222	Villa Flora	Q429467	1882-01-01	1
Q108765465	Eirapaviljongen	Q429467	1907-01-01	1
Q108773198	Villa Svea	Q429467	1892-01-01	1
Q108816603	Stadshuset, Hjo	Q429467	1938-01-01	1
Q108817011	Kihlbergsgården	Q429467	1847-01-01	1
Q90693847	Societetshuset i Öregrund	Q297790	1894-01-01	1
Q17415574	Hypotekshuset, Lund	Q2167	1918-01-01	1
Q19848836	Zettervallska villan	Q2167	1871-01-01	1
Q10424658	Bagare Thillmans gård	Q25579	1871-01-01	1
Q10433384	Borås Brandkårsmuseum	Q26040	1940-01-01	1
Q10682214	Strömparterren, Örebro	Q25732	1858-01-01	1
Q10547649	Konsistoriehuset	Q25413	1830-01-01	1
Q10498454	2047 Science Center	Q54341	1986-11-30	1
Q10405293	Alingsås lasarett	Q54743	1910-01-01	1
Q16912355	Arbetarmuseet Gråbo	Q54732	1986-01-01	1
Q30335024	Flens stationshus	Q27774	1892-01-01	1
Q30334884	Ansgarsgården	Q3283825	1986-01-01	1
Q10609272	Olofsbo Hembygdsgård	Q2197671	1838-01-01	1
Q10659392	S:t Hans Café	Q54757	1994-01-01	1
Q111381963	Kafé de luxe	Q26152	2004-01-01	1
Q111494583	Teleborgs vattentorn	Q26152	1974-01-01	1
Q15502182	Mäster Gudmunds källare	Q25415	1930-05-01	1
Q56301434	Sav	Q2744244	2017-01-01	1
Q10713621	Vegabaren	Q129176	1958-01-01	1
Q94305740	Aspen	Q94385	1952-01-01	1
Q108595667	Lerums Biograf	Q988275	1928-01-01	1
Q18449502	Turebergshuset	Q3656344	1976-01-01	1
Q98498532	Växjö konsthall	Q26152	2006-01-01	1
Q106308622	Elite-Teatern	Q3240427	1910-08-05	1
Q106369968	Olympia	Q25287	1904-01-01	1
Q10615413	Palladium	Q2211	2002-01-01	1
Q10674620	Spegeln	Q25286	1964-01-01	1
Q106368526	Kino	Q2167	1936-04-01	1
Q10457247	Colosseum	Q25287	1903-10-01	1
Q10481136	Eldorado	Q25287	1904-02-01	1
Q60968774	Sigfridskyrkan	Q29988	1965-01-01	1
Q10498985	Fridafors kyrka	Q3224517	1959-01-01	1
Q11902886	Övertorneå station	Q260609	1914-01-01	1
Q29365385	Vårgårda station	Q178538	1857-01-01	1
Q10661302	Sangis kyrka	Q3352405	1915-01-01	1
Q108040183	Fredens kyrka	Q1993599	1985-01-01	1
Q15486645	Täljö station	Q2510059	1928-01-01	1
Q15500877	Vallentuna station	Q54358	1885-01-01	1
Q29363480	Herrljunga station	Q1614296	1863-01-01	1
Q29396233	Husum station	Q1639137	2010-08-30	1
Q29398252	Örnsköldsviks norra station	Q28327	2010-08-30	1
Q29406130	Hörnefors station	Q1018434	2010-08-30	1
Q60968797	Korsvägen station	Q25287	2026-01-01	1
Q10715128	Vidsels kyrka	Q1013597	1968-01-01	1
Q93719106	Sankta Birgittas kloster	Q265682	1973-01-01	1
Q10727648	Örnäsets kyrka	Q26268	1963-01-01	1
Q17561302	Bergnäskyrkan	Q26268	1976-01-01	1
Q7589460	Sankt Laurentii kyrka	Q2167	1970-01-01	1
Q10443184	Caroli kyrka	Q21168	1687-01-01	1
Q10511102	Gustafskyrkan	Q26268	1790-01-01	1
Q10586888	Mjölkuddskyrkan	Q26268	1969-01-01	1
Q10677236	Stadsökyrkan	Q26268	1975-01-01	1
Q17561285	Nävertorps kyrka	Q54758	1966-01-01	1
Q10548218	Korskyrkan	Q25286	1934-01-01	1
Q60970484	Alne församlingsgård	Q10432958	2014-01-01	1
Q15475465	Lahälls station	Q10553388	1928-01-01	1
Q15475608	Näsby Allé station	Q7071399	1937-01-01	1
Q15475762	Näsbypark station	Q7071399	1937-01-01	1
Q19979063	Vargöns station	Q1986670	1867-01-01	1
Q29587239	Berga station	Q3283678	1897-01-01	1
Q30313436	Västerviks stationshus	Q54764	1879-01-01	1
Q98865960	Sankt Olofs brödrakonvent	Q990083	1237-01-01	1
Q108837477	Equmeniakyrkan	Q429467	1885-01-01	1
Q108837652	Baptistkyrkan	Q429467	1922-01-01	1
Q10631915	Pingstkyrkan	Q25286	1916-01-01	1
Q60968790	Sankt Markus kyrka, Skövde	Q21166	1975-01-01	1
Q49100958	Byteatern	Q26345	1971-01-01	1
Q111132534	Uffes källare	Q26152	1990-01-01	1
Q10583168	Metodistkyrkan	Q26476	1892-01-01	1
Q106842421	Krusenstiernska teatern	Q26345	2008-01-01	1
Q66986303	Plågan	Q54757	1792-01-01	1
Q10448564	Charlottenlund	Q1896439	1874-01-01	1
Q10602833	Norrköpings östra station	Q25724	1893-01-01	1
Q10602833	Norrköpings östra station	Q25724	1910-01-01	1
Q10711597	Uttrans järnvägsstation	Q1448843	1908-01-01	1
Q18291230	Kirunas gamla centralstation	Q83232	1915-01-01	1
Q30313052	Grimskärs skans	Q26345	1623-01-01	1
Q22012055	Helsingfors Ångtegelbruk	Q25411	1873-01-01	1
Q68776371	AB Lomma tegelfabrik	Q995369	1880-01-01	1
Q82282320	Rosenbergs bruk	Q1971189	1596-01-01	1
Q108789958	Karbenning Sågverk och Hyvleri	Q2592370	1919-01-01	1
Q10428538	Bergslagernas Järnvägssällskap	Q25287	1972-01-01	1
Q10480635	Ekholmens herrgård	Q1158074	1799-01-01	1
Q10551628	Källebacka	Q2527382	1675-01-01	1
Q30316360	Valje gård	Q2183139	1750-01-01	1
Q10671940	Smedjan	Q26268	2002-08-29	1
Q30306551	Bredskärssund nedre	Q1861966	1895-01-01	1
Q39757646	Krogstadsudde	Q2927375	1928-01-01	1
Q39880273	Råå fyr	Q25411	1857-01-01	1
Q41688950	Bredskärssund övre	Q1861966	1980-01-01	1
Q10593502	Mölle fyr	Q1599139	1881-01-01	1
Q33130649	Dalarö fyr	Q748257	1899-01-01	1
Q28375363	Oxelösunds fyr	Q27846	1921-01-01	1
Q10605630	OAL studio	Q14544612	1975-01-01	1
Q10615360	Palatset	Q83682	2007-01-01	1
Q110597268	Masthuggshallen	Q25287	1967-01-01	1
Q10438714	Bönans lotsstation	Q2628760	1912-01-01	1
Q21065340	Villa Elfkullen	Q27447	1887-01-01	1
Q56762177	Värn PJV KAN 40:25	Q54757	1939-01-01	1
Q101104127	Holmens vattenkraftverk	Q25724	1991-01-01	1
Q10504986	Gimo konstgräsplan	Q3470033	2010-11-13	1
Q108339659	Skänninge stadshotell	Q990083	1885-01-01	0
Q107588098	Folkets hus i Hogstad	Q961978	1925-01-01	0
Q29374408	Eklundshof	Q25286	1832-01-01	0
Q43279913	Packhusplatsen 3	Q25287	1944-01-01	0
Q108045111	Kyrkans kvartersgård	Q2096344	1986-10-26	0
Q108187193	Köpings vattentorn	Q174126	1967-01-01	0
Q30312955	Borgholms Bio	Q893554	1919-01-01	0
Q106634531	Vingåkers Bio	Q777901	1906-01-01	0
Q108407751	Skoghallsbiografen	Q576644	1919-01-01	0
Q93997664	Gamla Folkets Hus	Q1907466	1920-11-01	0
Q110421340	Mogata gamla kyrka	Q2076189	1200-01-01	0
Q15580090	Kungsängens pendeltågsstation	Q1632006	1876-01-01	0
Q29359961	Grästorp station	Q1551485	1867-01-01	0
Q29365067	Floby station	Q1014050	1858-01-01	0
Q29401396	Nordmaling station	Q1680713	2010-08-30	0
Q19842800	Skagershults (mellan-)kyrka	Q2789435	1878-01-01	0
Q108037334	Stensele gravkapell	Q1935387	1968-01-01	0
Q110419694	Hällestads gamla kyrka	Q3353277	1200-01-01	0
Q29387932	Landskrona godsbangård	Q54352	1865-01-01	0
Q29406344	Mellansel station	Q1919508	1891-01-01	0
Q29418728	Nykroppa station	Q3234094	1875-12-11	0
Q52321327	Fåglaviks station	Q2471849	1858-01-01	0
Q61910611	Oscar II:s fort	Q25287	1899-08-24	0
Q75299989	Ateljé Ankaret	Q54757	2014-01-01	0
Q42314077	Falkenberg Östra nedre	Q54766	1964-01-01	0
Q42314084	Falkenberg Östra övre	Q54766	1964-01-01	0
Q42880865	Karlshamn nedre	Q54769	1881-01-01	0
Q42881043	Karlshamn övre	Q54769	1871-01-01	0
Q42881240	Sutudden nedre	Q54769	1945-01-01	0
Q42881341	Sutudden övre	Q54769	1945-01-01	0
Q110316996	Sutuddens Pirhuvud	Q54769	1945-01-01	0
Q110316998	Kastellets Pirhuvud	Q54769	1950-01-01	0
Q110529478	Skutskärs Hamn E1	Q59052	2002-01-01	0
Q110529479	Skutskärs Hamn E2	Q59052	2002-01-01	0
Q110529666	Skutskärs Hamn E3	Q59052	2002-01-01	0
Q110529667	Skutskärs Hamn E4	Q59052	2002-01-01	0
Q110575490	Skutskärs hamnfyr	Q59052	1940-01-01	0
Q110291851	MA Gröna övre	Q2211	1987-01-01	0
Q110292133	FH 4	Q2211	1922-01-01	0
Q110292134	FH 3	Q2211	1922-01-01	0
Q110292240	Malmö Nr 11	Q2211	1924-01-01	0
Q110292242	Malmö Nr 10	Q2211	1924-01-01	0
Q110304074	Brantevik nedre	Q2593706	1938-01-01	0
Q110304079	Brantevik övre	Q2593706	1938-01-01	0
Q110370731	Degerhamn Röda nedre	Q1182859	1972-01-01	0
Q110370733	Degerhamn Röda övre	Q1182859	1972-01-01	0
Q110371029	Degerhamn Gröna nedre	Q1182859	1972-01-01	0
Q110371030	Degerhamn Gröna övre	Q1182859	1972-01-01	0
Q110377033	Bergkvara nedre	Q2570136	1921-01-01	0
Q110377035	Bergkvara övre	Q2570136	1921-01-01	0
Q110377354	Färjestaden Södra	Q1478888	1958-01-01	0
Q110377355	Färjestaden Norra	Q1478888	1961-01-01	0
Q110427194	Burgsviks Hamn nedre	Q1016057	1909-01-01	0
Q110427197	Burgsviks Hamn övre	Q1016057	1909-01-01	0
Q110507092	Lännahamnen nedre	Q1495534	1985-01-01	0
Q110507094	Lännahamnen övre	Q1495534	1985-01-01	0
Q110597066	Grisslehamn nedre	Q1547090	1949-01-01	0
Q110597067	Grisslehamn övre	Q1547090	1949-01-01	0
Q110621550	Strömnäs nedre	Q15730774	2008-01-01	0
Q110621551	Strömnäs övre	Q15730774	2008-01-01	0
Q110666596	Umeå Uthamn nedre	Q388953	1934-01-01	0
Q110666599	Umeå Uthamn övre	Q388953	1934-01-01	0
Q110699890	Norra Näsgrundet	Q2491686	1971-01-01	0
Q110727626	Brynäs fyr	Q25748	1902-01-01	0
Q110768786	Rörö nedre	Q427357	1954-01-01	0
Q110768787	Rörö övre	Q427357	1954-01-01	0
Q110768836	Rörö Fiskehamn övre	Q427357	1939-01-01	0
Q110768837	Rörö Fiskehamn nedre	Q427357	1939-01-01	0
Q111034355	Rundvik Yttre nedre	Q2515860	1980-01-01	0
Q111034357	Rundvik Yttre övre	Q2515860	1980-01-01	0
Q111153559	Rundviks fyr	Q2515860	1953-01-01	0
Q111248711	Vi Telekabel nedre	Q1193840	1934-01-01	0
Q111248712	Vi Telekabel övre	Q1193840	1934-01-01	0
Q110322919	Ronneby övre	Q1799780	1886-01-01	0
Q110550674	Vallvik nedre	Q2983232	1943-01-01	0
Q110550675	Vallvik övre	Q2983232	1943-01-01	0
Q110559062	Kajgrundet nedre	Q2983232	2008-01-01	0
Q110559063	Kajgrundet övre	Q2983232	2008-01-01	0
Q110609431	Kokaren nedre	Q26476	1976-01-01	0
Q110609432	Kokaren övre	Q26476	1976-01-01	0
Q110613906	Alfredshem Gröna nedre	Q28327	1990-01-01	0
Q110613907	Alfredshem Gröna övre	Q28327	1990-01-01	0
Q110613909	Alfredshem Röda nedre	Q28327	1990-01-01	0
Q110613910	Alfredshem Röda övre	Q28327	1990-01-01	0
Q110668493	Obbola Kablar nedre	Q1861966	1951-01-01	0
Q110668496	Obbola Kablar övre	Q1861966	1951-01-01	0
Q110768272	Badöbassängen nedre	Q27447	2008-01-01	0
Q110768273	Badöbassängen övre	Q27447	2008-01-01	0
Q110768409	Lövåsberget nedre	Q27447	2008-01-01	0
Q110768410	Lövåsberget övre	Q27447	2008-01-01	0
Q110819293	Södra Hamnbassängen nedre	Q54352	2015-01-01	0
Q110819294	Södra Hamnbassängen övre	Q54352	2015-01-01	0
Q110821283	Lundåkrakajen nedre	Q54352	1987-01-01	0
Q110821284	Lundåkrakajen övre	Q54352	1987-01-01	0
Q110821597	Ystads Båthamn nedre	Q28287	1972-01-01	0
Q110821598	Ystads Båthamn övre	Q28287	1972-01-01	0
Q110888571	Herstadbergs fyr	Q2720267	2017-01-01	0
Q110901226	Katthammarsvik nedre	Q1736833	1948-01-01	0
Q110901227	Katthammarsvik övre	Q1736833	1948-01-01	0
Q110979075	Stora Rör nedre	Q3112588	1961-01-01	0
Q110979076	Stora Rör övre	Q3112588	1961-01-01	0
Q111025701	Gamla Hamnen nedre	Q25412	1977-01-01	0
Q111025702	Gamla Hamnen övre	Q25412	1977-01-01	0
Q111025800	Västerås Djuphamn Gröna nedre	Q25412	1977-01-01	0
Q111025801	Västerås Djuphamn Gröna övre	Q25412	1977-01-01	0
Q111025802	Västerås Djuphamn Röda nedre	Q25412	1977-01-01	0
Q111025803	Västerås Djuphamn Röda övre	Q25412	1977-01-01	0
Q111029019	Djuphamnsbassängen nedre	Q25412	1977-01-01	0
Q111029020	Djuphamnsbassängen övre	Q25412	1977-01-01	0
Q111029137	Kungsör nedre	Q41992	1907-01-01	0
Q111029138	Kungsör övre	Q41992	1907-01-01	0
Q111030379	Obbola Västra	Q1861966	1945-01-01	0
Q111030380	Obbola Östra	Q1861966	1945-01-01	0
Q111183860	Lugnvik nedre	Q3027521	2007-01-01	0
Q111183861	Lugnvik övre	Q3027521	2007-01-01	0
Q111248764	Näs Telekabel nedre	Q2963212	1934-01-01	0
Q111248765	Näs Telekabel övre	Q2963212	1934-01-01	0
Q40441949	Linköpings fyr	Q25413	1899-01-01	0
Q40524309	Jönköpings fyr	Q25415	1894-01-01	0
Q40736413	Rånnum	Q1986670	1927-01-01	0
Q40984272	Kvicksund Västra	Q33799	1941-01-01	0
Q40984882	Kvicksund Östra	Q33799	1992-01-01	0
Q41002823	Sigtuna fyr	Q3183470	1974-01-01	0
Q41530421	Vallviks fyr	Q2983232	1964-01-01	0
Q41561176	Tjuvholmens fyr	Q26476	1900-01-01	0
Q41620820	Frånö fyr	Q3067409	1964-01-01	0
Q41793031	Karlsborgs fyr	Q1933651	1939-01-01	0
Q41977875	Klässbols fyr	Q1838827	2003-01-01	0
Q42046662	Sjötorp nedre	Q2003551	1865-01-01	0
Q42176509	Hornöns fyr	Q2676169	1964-01-01	0
Q42178088	Örnsköldsviks fyr	Q28327	1910-01-01	0
Q42183765	Bredvikens fyr	Q1861966	1981-01-01	0
Q42185873	Långhalsudde nedre	Q1861966	2007-01-01	0
Q42186013	Långhalsudde övre	Q1861966	2007-01-01	0
Q42310162	Lilla Billingens fyr	Q25287	1902-01-01	0
Q42350126	Landskrona Norra nedre	Q54352	1947-01-01	0
Q42350255	Landskrona Norra övre	Q54352	1947-01-01	0
Q42350557	Landskrona Södra nedre	Q54352	1947-01-01	0
Q42350728	Landskrona Södra övre	Q54352	1947-01-01	0
Q42505027	Ystad nedre	Q28287	1975-01-01	0
Q42505457	Ystad övre	Q28287	1975-01-01	0
Q42506272	Ystad Yttre Västra	Q28287	1977-01-01	0
Q42506772	Ystad Yttre Östra	Q28287	1975-01-01	0
Q42751414	Hörviks fyr	Q1800120	1901-01-01	0
Q43119727	Nättraby fyr	Q2687722	1973-01-01	0
Q44600200	Herrhagen nedre	Q2742521	1906-01-01	0
Q44600350	Herrhagen övre	Q2742521	1906-01-01	0
Q45027477	Kappelshamns fyr	Q2681542	1916-01-01	0
Q109851610	Limhamn Norra	Q2211	1957-01-01	0
Q109860085	Drottningskärs fyr	Q1799743	1930-01-01	0
Q110263628	Älvsborgshamnen nedre	Q25287	1989-01-01	0
Q110263629	Älvsborgshamnen övre	Q25287	1989-01-01	0
Q110300742	Trelleborgs Telekabel nedre	Q26943	1995-01-01	0
Q110300743	Trelleborgs Telekabel övre	Q26943	1995-01-01	0
Q110303676	Ystad Telekabel nedre	Q28287	1995-01-01	0
Q110303677	Ystad Telekabel övre	Q28287	1995-01-01	0
Q110305033	Kivik nedre	Q1743988	1888-01-01	0
Q110305037	Kivik övre	Q1743988	1888-01-01	0
Q110305341	Yngsjö nedre	Q1968061	1956-01-01	0
Q110305342	Yngsjö övre	Q1968061	1956-01-01	0
Q110312344	Nogersund Östra	Q1799787	1880-01-01	0
Q110312394	Nogersund nedre	Q1799787	1925-01-01	0
Q110312396	Nogersund övre	Q1799787	1925-01-01	0
Q110315712	Krokås nedre	Q1800120	1935-01-01	0
Q110315714	Krokås övre	Q1800120	1935-01-01	0
Q110316032	Norje nedre	Q1799944	1967-01-01	0
Q110316034	Norje övre	Q1799944	1967-01-01	0
Q110322918	Ronneby nedre	Q1799780	1886-01-01	0
Q33131920	Gräddö fyr	Q1551396	1961-01-01	0
Q38221022	Bönans nya fyr	Q2628760	1902-01-01	0
Q39793371	Simrishamns ledfyr	Q648536	1883-01-01	0
Q40407630	Valar fyr	Q1016057	1950-01-01	0
Q40463325	Hästholmens fyr	Q962516	1897-01-01	0
Q41709619	Skelleftehamns fyr	Q2491686	1913-01-01	0
Q41731855	Skellefte Oljehamn nedre	Q2491686	1913-01-01	0
Q41732075	Skellefte Oljehamn övre	Q2491686	1960-01-01	0
Q41732353	Tjuvkistan Röda nedre	Q2491686	1974-01-01	0
Q41732548	Tjuvkistan övre	Q2491686	1974-01-01	0
Q41733252	Bergskäret	Q616561	1893-01-01	0
Q41733451	Kåge-Prickgrund	Q616561	1937-01-01	0
Q41795285	Båtskärsnäs fyr	Q2509848	1949-01-01	0
Q41975552	Hönsäter Inre nedre	Q1014033	1938-01-01	0
Q41976031	Hönsäter Inre övre	Q1014033	1938-01-01	0
Q41976448	Hönsäter Yttre nedre	Q1014033	1938-01-01	0
Q41976905	Hönsäter Yttre övre	Q1014033	1938-01-01	0
Q41977241	Hönsäters Ränna	Q1014033	1938-01-01	0
Q42011610	Lambergshamnen	Q25457	1951-01-01	0
Q42022177	Mariestad nedre	Q948117	1904-01-01	0
Q42029099	Mariestad övre	Q948117	1904-01-01	0
Q42029445	Mariestad Inre nedre	Q948117	1904-01-01	0
Q42029707	Mariestad Inre övre	Q948117	1904-01-01	0
Q42044667	Otterbäcken nedre	Q1016332	1917-01-01	0
Q42045757	Otterbäcken övre	Q1016332	1896-01-01	0
Q42141635	Barsagrund	Q25748	1902-01-01	0
Q42293663	Grundsunds fyr	Q1018430	1933-01-01	0
Q42310261	Lerkils Angöring	Q2588229	1996-01-01	0
Q42313552	Varberg Östra nedre	Q21168	1935-01-01	0
Q42313668	Varberg Östra övre	Q21168	1935-01-01	0
Q42313677	Varberg Västra nedre	Q21168	1935-01-01	0
Q42313725	Varberg Västra övre	Q21168	1935-01-01	0
Q42313730	Varbergsrännan Gröna nedre	Q21168	1935-01-01	0
Q42313733	Varbergsrännan Gröna övre	Q21168	1935-01-01	0
Q42327275	Domstens fyr	Q2563810	1977-01-01	0
Q42562055	Simrishamn nedre	Q648536	1887-01-01	0
Q42562155	Simrishamn övre	Q648536	1887-01-01	0
Q43192016	Dalskär nedre	Q2570136	1953-01-01	0
Q43192264	Dalskär övre	Q2570136	1953-01-01	0
Q43194116	Färjestaden nedre	Q1478888	1929-01-01	0
Q43194399	Färjestaden övre	Q1478888	1929-01-01	0
Q64857774	Lilla Pater Noster	Q406556	1998-01-01	0
Q64952944	Smörkullen nedre	Q1016712	1916-01-01	0
Q64953504	Smörkullen övre	Q1016712	1915-01-01	0
Q109469531	Slite nedre	Q1495534	1951-01-01	0
Q109469532	Slite övre	Q1495534	1951-01-01	0
Q109661075	Tjuvkistan Gröna nedre	Q2491686	1974-01-01	0
Q109908036	Grebbestad övre	Q1544485	1952-01-01	0
Q109908037	Grebbestad nedre	Q1544485	1952-01-01	0
Q110279316	Torekovs Telekabel nedre	Q1013563	1943-01-01	0
Q110279318	Torekovs Telekabel övre	Q1013563	1943-01-01	0
Q110279798	Torekov nedre	Q1013563	1922-01-01	0
Q110279800	Torekov övre	Q1013563	1922-01-01	0
Q110281719	Mölle Hamn nedre	Q1599139	1961-01-01	0
Q110281720	Mölle Hamn övre	Q1599139	1961-01-01	0
Q110291079	MA Röd nedre	Q2211	1972-01-01	0
Q110291080	MA Röd övre	Q2211	1972-01-01	0
Q110291849	MA Gröna nedre	Q2211	1974-01-01	0
Q110424720	Järnverket nedre	Q27846	1998-01-01	0
Q110424722	Järnverket övre	Q27846	1998-01-01	0
Q110566790	Södrakanalen	Q26518	2001-01-01	0
Q110622328	Dombäcksö nedre	Q1639137	1930-01-01	0
Q110622329	Dombäcksö övre	Q1639137	1930-01-01	0
Q110622504	Husum Inre nedre	Q1639137	2009-01-01	0
Q110622505	Husum Inre övre	Q1639137	2009-01-01	0
Q110653361	Södertälje Södra	Q26518	1993-01-01	0
Q110728205	Södertälje Sluss norra	Q26518	1992-01-01	0
Q110728206	Södertälje Sluss södra	Q26518	1992-01-01	0
Q110772932	Hälsö Fiskehamn Västra nedre	Q1642019	1963-01-01	0
Q110772933	Hälsö Fiskehamn Västra övre	Q1642019	1963-01-01	0
Q110830329	Nyköpings Hamn nedre	Q54356	1951-01-01	0
Q110830330	Nyköpings Hamn övre	Q54356	1951-01-01	0
Q110888634	Marieborg nedre	Q25724	1964-01-01	0
Q110888635	Marieborg övre	Q25724	1964-01-01	0
Q110888956	Rossviken nedre	Q25724	1907-01-01	0
Q110888957	Rossviken övre	Q25724	1907-01-01	0
Q110979159	Stensö nedre	Q26345	1928-01-01	0
Q110979160	Stensö övre	Q26345	1928-01-01	0
Q110983497	Stensö Yttre nedre	Q26345	1977-01-01	0
Q110983498	Stensö Yttre övre	Q26345	1977-01-01	0
Q110983568	Stensö Inre nedre	Q26345	1977-01-01	0
Q110983569	Stensö Inre övre	Q26345	1977-01-01	0
Q110983661	Ängen nedre	Q26345	1936-01-01	0
Q110983662	Ängen övre	Q26345	1936-01-01	0
Q110983719	Långviken nedre	Q26345	1936-01-01	0
Q110983720	Långviken övre	Q26345	1936-01-01	0
Q111030535	Lasarettskajen nedre	Q25579	1936-01-01	0
Q111030536	Lasarettskajen övre	Q25579	1936-01-01	0
Q111478514	Forsmark nedre	Q1281247	1975-01-01	0
Q111478517	Forsmark övre	Q1281247	1975-01-01	0
Q111479354	Forsmarks hamn nedre	Q1281247	1978-01-01	0
Q111479355	Forsmarks hamn övre	Q1281247	1978-01-01	0
Q109860228	Ellesbo övre	Q287691	1915-01-01	0
Q109924275	Orrskär Östra	Q145648	1977-01-01	0
Q109924276	Orrskär Västra	Q145648	1977-01-01	0
Q110243135	Fisketången övre	Q594557	1942-01-01	0
Q110243136	Fisketången nedre	Q594557	1942-01-01	0
Q110247948	Lysekils Avmagnetisering Västra	Q602574	1961-01-01	0
Q110271570	Båstad nedre	Q1011844	1936-01-01	0
Q110271571	Båstad övre	Q1011844	1936-01-01	0
Q110304835	Baskemölla nedre	Q810260	1935-01-01	0
Q110304836	Baskemölla övre	Q810260	1935-01-01	0
Q110311640	Herrmans Heja nedre	Q898727	1977-01-01	0
Q110311641	Herrmans Heja övre	Q898727	1977-01-01	0
Q110401310	Mariefreds Båthamn	Q194359	1954-01-01	0
Q110489210	Åmål nedre	Q271082	1960-01-01	0
Q110489211	Åmål övre	Q271082	1960-01-01	0
Q110587313	Ljusne Södra nedre	Q145648	1977-01-01	0
Q110587317	Ljusne Södra övre	Q145648	1977-01-01	0
Q110588158	Ljusne Trålhamn nedre	Q145648	1977-01-01	0
Q110588159	Ljusne Trålhamn övre	Q145648	1977-01-01	0
Q110597515	Ullbacka nedre	Q746839	1900-01-01	0
Q110597516	Ullbacka övre	Q746839	1900-01-01	0
Q110636610	Lerskiten	Q1001939	1964-01-01	0
Q110686541	Bureå nedre	Q1010630	1932-01-01	0
Q110686542	Bureå övre	Q1010630	1932-01-01	0
Q110994242	Varvsrännan nedre	Q898727	1963-01-01	0
Q110994243	Varvsrännan övre	Q898727	1963-01-01	0
Q110995382	Sölvesborgsrännan Nr 6	Q898727	1963-01-01	0
Q110995384	Sölvesborgsrännan Nr 5	Q898727	1963-01-01	0
Q110995672	Innerhamnen nedre	Q898727	1963-01-01	0
Q110995674	Innerhamnen övre	Q898727	1963-01-01	0
Q111010033	Stathmos nedre	Q738338	1975-01-01	0
Q111010034	Stathmos övre	Q738338	1975-01-01	0
Q111188386	Söråker nedre	Q1022440	1937-01-01	0
Q111188387	Söråker övre	Q1022440	1937-01-01	0
Q39384949	Släggabåden	Q602574	1961-01-01	0
Q39387401	Stångholmens fyr	Q602574	1940-01-01	0
Q40319904	Tokenäsudde	Q905877	1893-01-01	0
Q40441088	Söderköpings fyr	Q984831	1916-01-01	0
Q40459870	Hjo Norra	Q429467	1897-01-01	0
Q40460470	Hjo Södra	Q429467	1897-01-01	0
Q40461336	Vadstena fyr	Q265682	1889-01-01	0
Q40525387	Borensbergs fyr	Q834832	1898-01-01	0
Q40550663	Skoghalls fyr	Q576644	1855-01-01	0
Q40985461	Köping nedre	Q174126	1900-01-01	0
Q40986746	Köping övre	Q174126	1900-01-01	0
Q41096305	Gränna fyr	Q194353	1898-01-01	0
Q41552334	Storgrytans fyr	Q145648	1943-01-01	0
Q41552482	Storstensharet	Q145648	1990-01-01	0
Q41800155	Berg nedre	Q163918	1904-01-01	0
Q41800204	Berg övre	Q163918	1904-01-01	0
Q42086680	Rödesund Norra Yttre	Q760222	1919-01-01	0
Q42087634	Rödesund Norra Inre	Q760222	1906-01-01	0
Q42088024	Rödesund Östra nedre	Q760222	1909-01-01	0
Q42088337	Rödesund Östra övre	Q760222	1909-01-01	0
Q42143839	Orrskär Mellersta	Q145648	1977-01-01	0
Q42144153	Orrskär övre	Q145648	1977-01-01	0
Q42150972	Söderhamn nedre	Q746839	1923-01-01	0
Q42152638	Söderhamn övre	Q746839	1923-01-01	0
Q42182243	Norrmjöle fyr	Q732164	1934-01-01	0
Q42182742	Hillskär nedre	Q388953	1965-01-01	0
Q42182852	Hillskär övre	Q388953	1965-01-01	0
Q42303918	Skärhamn övre	Q1026309	1943-01-01	0
Q42318557	Höganäs Ränna nedre	Q911875	1975-01-01	0
Q42318601	Höganäs Ränna övre	Q911875	1975-01-01	0
Q42375960	Lomma fyr	Q995369	1902-01-01	0
Q42662272	Åhus nedre	Q127419	1963-01-01	0
Q42662620	Åhus övre	Q127419	1963-01-01	0
Q42750413	Inre Redden nedre	Q898727	1963-01-01	0
Q42750570	Inre Redden övre	Q898727	1963-01-01	0
Q43188401	Degerhamn Södra nedre	Q1182859	1926-01-01	0
Q43189938	Degerhamn Södra övre	Q1182859	1926-01-01	0
Q43190649	Degerhamn nedre	Q1182859	1921-01-01	0
Q43191699	Degerhamn övre	Q1182859	1921-01-01	0
Q43230682	Borgholms inlopp nedre	Q893554	1874-01-01	0
Q43231456	Borgholms inlopp övre	Q893554	1874-01-01	0
Q43231489	Borgholms hamn nedre	Q893554	1899-01-01	0
Q43231504	Borgholms hamn övre	Q893554	1899-01-01	0
Q43370954	Byxelkrok nedre	Q905877	1936-01-01	0
Q43371006	Byxelkrok övre	Q905877	1989-01-01	0
Q109860225	Ellesbo nedre	Q287691	1915-01-01	0
Q33129615	Boo fyr	Q54752	1941-01-01	0
Q39291194	Mollösunds fyr	Q2349356	1930-01-01	0
Q40411787	Visby hamnfyr	Q54757	1867-01-01	0
Q41551655	Ryttarharet	Q2280716	1923-01-01	0
Q41551751	Norrsundet Inre	Q2280716	1925-01-01	0
Q41593653	Härnösands Hamn	Q3240427	1919-01-01	0
Q41708916	Örviken nedre	Q2262794	1965-01-01	0
Q41709144	Örviken övre	Q2262794	1965-01-01	0
Q41735390	Hamviken nedre	Q2121226	1966-01-01	0
Q41735513	Hamviken övre	Q2121226	1966-01-01	0
Q42104135	Norrtälje nedre	Q3588743	1938-01-01	0
Q42104548	Norrtälje övre	Q3588743	1938-01-01	0
Q42143029	Norrsundet nedre	Q2280716	1944-01-01	0
Q42143549	Norrsundet övre	Q2280716	1944-01-01	0
Q42144517	Brändskär nedre	Q2137536	1962-01-01	0
Q42144829	Brändskär övre	Q2137536	1962-01-01	0
Q42176125	Sprängsvikens fyr	Q10676633	1900-01-01	0
Q42314034	Lövstaviken yttre	Q54766	1995-01-01	0
Q42314042	Lövstaviken inre	Q54766	1995-01-01	0
Q42314052	Falkenberg Västra nedre	Q54766	1964-01-01	0
Q42314059	Falkenberg Västra övre	Q54766	1964-01-01	0
Q42316806	Ängelholm Norra	Q54755	1977-01-01	0
Q42316875	Ängelholm Södra	Q54755	1977-01-01	0
Q42318313	Nyhamnsläges fyr	Q10604680	1919-01-01	0
Q42324272	Lerbergets fyr	Q10559559	1892-01-01	0
Q42325447	Vikens fyr	Q2193830	1895-01-01	0
Q42350869	Gråens fyr	Q54352	1970-01-01	0
Q42428318	Klagshamn nedre	Q4993667	1916-01-01	0
Q42428403	Klagshamn övre	Q4993667	1916-01-01	0
Q42428560	Klagshamnsverket nedre	Q4993667	1973-01-01	0
Q42428673	Klagshamnsverket övre	Q4993667	1973-01-01	0
Q42428740	Sydgas nedre	Q4993667	1985-01-01	0
Q42429068	Sydgas övre	Q4993667	1985-01-01	0
Q42429136	Klagshamn Norra pir	Q4993667	2003-01-01	0
Q42429408	Klagshamn Södra pir	Q4993667	2003-01-01	0
Q42532769	Skillinge nedre	Q2265371	1960-01-01	0
Q42532850	Skillinge övre	Q2265371	1960-01-01	0
Q42788249	Kölö nedre	Q2160120	1968-01-01	0
Q42788421	Kölö övre	Q2160120	1968-01-01	0
Q42961756	Rönnfjärdsleden nedre	Q14934047	1940-01-01	0
Q42962093	Rönnfjärdsleden övre	Q14934047	1940-01-01	0
Q42962442	Garpaviken	Q14934047	1940-01-01	0
Q43177143	Böda fyr	Q4452104	1961-01-01	0
Q43177736	Grönhögen nedre	Q3296685	1959-01-01	0
Q43177954	Grönhögen övre	Q3296685	1959-01-01	0
Q64952307	Oxhagen nedre	Q2215986	1914-01-01	0
Q64952424	Oxhagen övre	Q2215986	1914-01-01	0
Q109931663	Furusunds fyr och lotsstation	Q10552209	1905-01-01	0
Q109996814	Visby Hamn Yttre	Q54757	1930-01-01	0
Q110243011	Gravarnes Fiskehamn övre	Q2295696	1950-01-01	0
Q110243012	Gravarnes Fiskehamn nedre	Q2295696	1950-01-01	0
Q110281127	Ängelholm nedre	Q54755	1955-01-01	0
Q110281130	Ängelholm övre	Q54755	1955-01-01	0
Q110288385	Råå Hamn	Q25411	1985-01-01	0
Q110300865	Smygehamn nedre	Q2295657	1924-01-01	0
Q110300869	Smygehamn övre	Q2295657	1924-01-01	0
Q110301055	Abbekås nedre	Q2199524	1983-01-01	0
Q110301056	Abbekås övre	Q2199524	1983-01-01	0
Q110312852	Hanö Pir	Q14945812	1982-01-01	0
Q110312958	Hanö Hamn nedre	Q14945812	1907-01-01	0
Q110312959	Hanö Hamn övre	Q14945812	1907-01-01	0
Q110313093	Hanö Kraftkabel nedre	Q14945812	1956-01-01	0
Q110313094	Hanö Kraftkabel övre	Q14945812	1956-01-01	0
Q110316830	Stilleryd nedre	Q2160120	1975-01-01	0
Q110316831	Stilleryd övre	Q2160120	1975-01-01	0
Q110385712	Påskallavik nedre	Q2443421	1980-01-01	0
Q110385713	Påskallavik övre	Q2443421	1980-01-01	0
Q110422214	Trebröderssund	Q54764	1971-01-01	0
Q110428623	Visby Hamn nedre	Q54757	1911-01-01	0
Q110428625	Visby Hamn övre	Q54757	1911-01-01	0
Q110492574	Norrtäljerännan Nr 1	Q3588743	1971-01-01	0
Q110492575	Norrtäljerännan Nr 2	Q3588743	1971-01-01	0
Q110492576	Norrtäljerännan Nr 3	Q3588743	1971-01-01	0
Q110712790	Kullavik nedre	Q4568251	1991-01-01	0
Q110712792	Kullavik övre	Q4568251	1991-01-01	0
Q110768662	Ulebergshamns fyr	Q4031840	2012-01-01	0
Q110821353	Limhamns Båthamn nedre	Q2211	1970-01-01	0
Q110821354	Limhamns Båthamn övre	Q2211	1970-01-01	0
Q110917573	Själsö Yttre nedre	Q2385495	1960-01-01	0
Q110917574	Själsö Yttre övre	Q2385495	1960-01-01	0
Q110917677	Själsö Inre nedre	Q2385495	1960-01-01	0
Q110917678	Själsö Inre övre	Q2385495	1960-01-01	0
Q110928873	Böda nedre	Q4452104	1906-01-01	0
Q110928874	Böda övre	Q4452104	1906-01-01	0
Q111016508	Baggen nedre	Q54752	1974-01-01	0
Q111016509	Baggen övre	Q54752	1974-01-01	0
Q111188121	Kronholmens fyr	Q3240427	2013-01-01	0
Q111283144	Långrör nedre	Q2137536	2009-01-01	0
Q111283146	Långrör övre	Q2137536	2009-01-01	0
Q111283147	Sandarne nedre	Q2137536	1957-01-01	0
Q111283148	Sandarne övre	Q2137536	1957-01-01	0
Q111452001	Norra Blåljusen nedre	Q2280716	2000-01-01	0
Q111452002	Norra Blåljusen övre	Q2280716	2000-01-01	0
Q39646801	Hälsö nedre	Q1642019	1884-01-01	0
Q39648786	Hälsö övre	Q1642019	1884-01-01	0
Q39728744	Halmstads vågbrytare	Q26521	1975-01-01	0
Q39731520	Glommens fyr	Q2792187	1918-01-01	0
Q39898764	Karlskrona övre	Q25789	1918-01-01	0
Q39926364	Hälleviks fyr	Q1641992	1922-01-01	0
Q40443748	Hundsten	Q54357	1929-01-01	0
Q41070669	Västerås fyr	Q25412	1883-01-01	0
Q42306710	Uddevalla nedre	Q27447	1942-01-01	0
Q42306719	Uddevalla övre	Q27447	1942-01-01	0
Q42313739	Varbergsrännan Röda nedre	Q21168	1935-01-01	0
Q42313746	Varbergsrännan Röda övre	Q21168	1935-01-01	0
Q42315021	Halmstad Västra nedre	Q26521	1943-01-01	0
Q42315167	Halmstad Västra övre	Q26521	1943-01-01	0
Q42315357	Halmstad Östra nedre	Q26521	1943-01-01	0
Q42316588	Halmstad Östra övre	Q26521	1943-01-01	0
Q42433619	Trelleborg Västra	Q26943	1974-01-01	0
Q42434501	Trelleborg Yttre Östra	Q26943	1974-01-01	0
Q42434621	Trelleborgsrännan nedre	Q26943	1909-01-01	0
Q42434701	Trelleborgsrännan övre	Q26943	1909-01-01	0
Q42750951	Hälleviks ledfyr	Q1641992	1892-01-01	0
Q43001014	Saltöhammar	Q25789	1948-01-01	0
Q43016696	Kofferdihamnen nedre	Q25789	1883-01-01	0
Q43019638	Kofferdihamnen övre	Q25789	1883-01-01	0
Q43146875	Torhamns fyr	Q2790766	1932-01-01	0
Q43193454	Kalmar nedre	Q26345	1888-01-01	0
Q43193823	Kalmar övre	Q26345	1888-01-01	0
Q47457701	Marinhamnen	Q1479259	1991-01-01	0
Q110262687	Källö-Knipplan nedre	Q2790726	1947-01-01	0
Q110262688	Källö-Knipplan övre	Q2790726	1947-01-01	0
Q110263268	Öckerö Fiskehamn nedre	Q1725770	1959-01-01	0
Q110263269	Öckerö Fiskehamn övre	Q1725770	1959-01-01	0
Q110271512	Halmstads Oljehamn nedre	Q26521	1961-01-01	0
Q110271513	Halmstads Oljehamn övre	Q26521	1961-01-01	0
Q110281997	Helsingborg Nr 1	Q25411	1922-01-01	0
Q110281998	Helsingborg Nr 2	Q25411	1922-01-01	0
Q110282000	Helsingborg Nr 3	Q25411	1922-01-01	0
Q110282001	Helsingborg Nr 4	Q25411	1920-01-01	0
Q110287968	Bulkhamnens Avloppsledning nedre	Q25411	1972-01-01	0
Q110287969	Bulkhamnens Avloppsledning övre	Q25411	1972-01-01	0
Q110288128	Helsingborgs Bulkhamn Gröna nedre	Q25411	1969-01-01	0
Q110288129	Helsingborgs Bulkhamn Gröna övre	Q25411	1969-01-01	0
Q110288277	Helsingborgs Bulkhamn Röda nedre	Q25411	1969-01-01	0
Q110288278	Helsingborgs Bulkhamn Röda övre	Q25411	1969-01-01	0
Q110324080	Vämöviken nedre	Q25789	1942-01-01	0
Q110324081	Vämöviken övre	Q25789	1942-01-01	0
Q110367699	Sandhamns Fiskehamn nedre	Q2790766	1956-01-01	0
Q110367700	Sandhamns Fiskehamn övre	Q2790766	1956-01-01	0
Q110377157	Mörbylånga nedre	Q1641531	1936-01-01	0
Q110377158	Mörbylånga övre	Q1641531	1936-01-01	0
Q110381815	Ängö nedre	Q26345	1963-01-01	0
Q110381817	Ängö övre	Q26345	1963-01-01	0
Q110382165	Kullö nedre	Q26345	1989-01-01	0
Q110382167	Kullö övre	Q26345	1989-01-01	0
Q110423422	Oxelösund övre	Q27846	2006-01-01	0
Q110423611	Oxelösunds Hamn nedre	Q27846	1886-01-01	0
Q110423612	Oxelösunds Hamn övre	Q27846	1886-01-01	0
Q110424332	Storbulkskajen nedre	Q27846	2006-01-01	0
Q110424333	Storbulkskajen övre	Q27846	2006-01-01	0
Q107587201	Kvarnparken	Q538915	1914-04-29	0
Q107444636	Östervångsparkens utegym	Q26943	2021-06-01	0
Q107656895	Campus Umeå Modul A, utegym	Q25579	2021-10-02	0
Q107656909	Campus Umeå Modul C, utegym	Q25579	2021-10-02	0
Q106518033	Föreningen för kvinnans politiska rösträtt i Bjärnum	Q2487489	1918-03-31	0
Q106518035	Föreningen för kvinnans politiska rösträtt i Eringsboda	Q955410	1910-10-09	0
Q106518036	Föreningen för kvinnans politiska rösträtt i Fors	Q2101993	1917-10-21	0
Q106518037	Föreningen för kvinnans politiska rösträtt i Forshaga	Q1303800	1910-04-08	0
Q106518038	Föreningen för kvinnans politiska rösträtt i Grästorp	Q1551485	1917-01-01	0
Q106518041	Föreningen för kvinnans politiska rösträtt i Järna	Q1456393	1913-12-14	0
Q106518042	Föreningen för kvinnans politiska rösträtt i Järva	Q10541986	1912-01-01	0
Q106518043	Föreningen för kvinnans politiska rösträtt i Kantorp	Q2882680	1913-01-01	0
Q106518044	Föreningen för kvinnans politiska rösträtt i Krylbo	Q2943699	1910-01-01	0
Q106518046	Föreningen för kvinnans politiska rösträtt i Landa	Q2380467	1912-02-29	0
Q106518047	Föreningen för kvinnans politiska rösträtt i Ljungsbro	Q2736142	1909-01-01	0
Q106518048	Föreningen för kvinnans politiska rösträtt i Muskossel	Q1013590	1911-01-01	0
Q106518049	Föreningen för kvinnans politiska rösträtt i Mörrum	Q600012	1910-01-01	0
Q106518050	Föreningen för kvinnans politiska rösträtt i Nettraby	Q2687722	1912-01-01	0
Q106518052	Föreningen för kvinnans politiska rösträtt i Skänninge	Q990083	1918-03-04	0
Q106518053	Föreningen för kvinnans politiska rösträtt i Skärblacka	Q1372181	1915-01-01	0
Q106518054	Föreningen för kvinnans politiska rösträtt i Slite	Q1495534	1912-01-01	0
Q106518055	Föreningen för kvinnans politiska rösträtt i Storå	Q261808	1917-04-24	0
Q106518056	Föreningen för kvinnans politiska rösträtt i Strömsnäs	Q3056196	1913-01-01	0
Q106518057	Föreningen för kvinnans politiska rösträtt i Torpshammar	Q2435554	1910-01-01	0
Q106518058	Föreningen för kvinnans politiska rösträtt i Trosa	Q994927	1913-01-01	0
Q106518061	Föreningen för kvinnans politiska rösträtt i Valbo	Q1786152	1912-01-01	0
Q106518062	Föreningen för kvinnans politiska rösträtt i Valla	Q2369967	1913-01-01	0
Q106518063	Föreningen för kvinnans politiska rösträtt i Vara	Q1754738	1911-01-01	0
Q106518065	Föreningen för kvinnans politiska rösträtt i Vindeln	Q1886324	1910-01-01	0
Q106518067	Föreningen för kvinnans politiska rösträtt i Vännäs	Q1272709	1910-01-01	0
Q106518068	Föreningen för kvinnans politiska rösträtt i Väse	Q3251047	1910-01-01	0
Q106518070	Föreningen för kvinnans politiska rösträtt i Åmmeberg	Q3179963	1916-03-31	0
Q106518071	Föreningen för kvinnans politiska rösträtt i Ånge	Q271096	1910-01-01	0
Q106518072	Föreningen för kvinnans politiska rösträtt i Östra Ryd	Q3284111	1917-04-08	0
Q106543105	Föreningen för kvinnans politiska rösträtt i Valdemarsvik	Q999317	1912-01-01	0
Q106543307	Föreningen för kvinnans politiska rösträtt i Leksand	Q1003260	1911-01-01	0
Q106543411	Föreningen för kvinnans politiska rösträtt i Vadstena	Q265682	1910-01-01	0
Q106545772	Föreningen för kvinnans politiska rösträtt i Uddeholm	Q1018454	1913-01-01	0
Q106546452	Föreningen för kvinnans politiska rösträtt i Kungsör	Q41992	1913-11-26	0
